customfield_id,customfield_name,description,customfieldtypekey
10462,Test Sessions,This Custom Field is created programmatically by Bonfire.,com.atlassian.bonfire.plugin:bonfire-multi-session-cft
10463,Raised During,This Custom Field is created programmatically by Bonfire.,com.atlassian.bonfire.plugin:bonfire-session-cft
10472,uuid,"Adding both UUID and Location fields to a project, will enable JIRA Mobile Connect for that project.",com.atlassian.jconnect.jconnect-plugin:uuid
10473,Location,"Adding both UUID and Location fields to a project, will enable JIRA Mobile Connect for that project.",com.atlassian.jconnect.jconnect-plugin:location
10464,JIRA Capture User Agent,This Custom Field is created programatically by JIRA Capture.,com.atlassian.bonfire.plugin:bonfire-text
10465,JIRA Capture Browser,This Custom Field is created programatically by JIRA Capture.,com.atlassian.bonfire.plugin:bonfire-text
10466,JIRA Capture Operating System,This Custom Field is created programatically by JIRA Capture.,com.atlassian.bonfire.plugin:bonfire-text
10467,JIRA Capture URL,This Custom Field is created programatically by JIRA Capture.,com.atlassian.bonfire.plugin:bonfire-text
10468,JIRA Capture Screen Resolution,This Custom Field is created programatically by JIRA Capture.,com.atlassian.bonfire.plugin:bonfire-text
10469,JIRA Capture jQuery Version,This Custom Field is created programatically by JIRA Capture.,com.atlassian.bonfire.plugin:bonfire-text
10470,JIRA Capture Document Mode,This Custom Field is created programatically by JIRA Capture.,com.atlassian.bonfire.plugin:bonfire-text
10471,Testing Status,This Custom Field is created programmatically by Bonfire.,com.atlassian.bonfire.plugin:bonfire-testing-status-cft
23861,Template,,com.intenso.jira.issue-templates:issue-templates-customfield
13671,Gantt-Chart,"Deprecated: display Gantt-Bar for each issue, integrated within JIRAs native Issue Navigator [GANTT]",de.polscheit.jira.plugins.gantt:gantt-bar
16761,Primary Technology Area,,com.atlassian.jira.plugin.system.customfieldtypes:select
20871,Topic Branch,,com.atlassian.jira.plugin.system.customfieldtypes:textfield
45476,Fiscal Quarter,,com.atlassian.jira.plugin.system.customfieldtypes:select
37562,Customer Outage,,com.atlassian.jira.plugin.system.customfieldtypes:select
37563,Support Tech Lead 1,"",com.atlassian.jira.plugin.system.customfieldtypes:userpicker
33468,Smart Checklist,DO NOT delete/edit/modify it manually or using automation as it may result in data corruption. The related checklist ID is stored here. Automatically created by Smart Checklist for Jira.,rw-smart-checklist-biz:railsware-smartchecklist-customfield
13960,Aging State,,net.customware.jira.plugin.trafficlight.traffic-light:traffic-light-custom-field
15261,This Issue Duplicates,,com.mizan.issuepicker:issue-picker-custom-field
18460,Time to resolution,This custom field was created by JIRA Service Desk.,com.atlassian.servicedesk:sd-sla-field
17660,Customer Request Type,Holds information about which Service Desk was used to create a ticket. This custom field is created programmatically and must not be modified.,com.atlassian.servicedesk:vp-origin
17661,Request participants,Stores the users that are participants in Service Desk customer portal requests. This custom field is created programmatically and required by Service Desk.,com.atlassian.servicedesk:sd-request-participants
17760,Satisfaction,Stores request feedback in Service Desk requests. This custom field is created programmatically and required by Service Desk.,com.atlassian.servicedesk:sd-request-feedback
17761,Satisfaction date,Stores request feedback date in Service Desk requests. This custom field is created programmatically and required by Service Desk.,com.atlassian.servicedesk:sd-request-feedback-date
17860,Approvals,Provides search options for JIRA Service Desk approvals information. This custom field is created programmatically and required by Service Desk.,com.atlassian.servicedesk.approvals-plugin:sd-approvals
18569,Time to Triage,This custom field was created by JIRA Service Desk.,com.atlassian.servicedesk:sd-sla-field
18573,Time to first response,This custom field was created by JIRA Service Desk.,com.atlassian.servicedesk:sd-sla-field
20475,Team,Tempo Team Custom Field,com.tempoplugin.tempo-teams:team.customfield
20476,Account,Link this issue's logged hours and expenses to an account.,com.tempoplugin.tempo-accounts:accounts.customfield
20477,Iteration,Iteration field for Tempo Planner use only.,com.tempoplugin.tempo-plan-core:tp.iteration.customfield
20864,KB/DOC Improvement Ticket,,es.excentia.jira.plugins.jira-issue-picker-custom-field-type-plugin:issue-cf
20865,Bug fix/Improvement Tickets,,es.excentia.jira.plugins.jira-issue-picker-custom-field-type-plugin:issue-cf
21760,Team Role,Tempo Team Role Custom Field,com.tempoplugin.tempo-teams:team.role.customfield
22160,Organizations,Stores the organizations that are associated with a Service Desk customer portal requests. This custom field is created programmatically and required by Service Desk.,com.atlassian.servicedesk:sd-customer-organizations
22479,Time to Engage,This custom field was created by Jira Service Desk.,com.atlassian.servicedesk:sd-sla-field
22562,RCA Complete,This custom field was created by Jira Service Desk.,com.atlassian.servicedesk:sd-sla-field
22478,Time to Acknowledge,This custom field was created by Jira Service Desk.,com.atlassian.servicedesk:sd-sla-field
22480,Time to Mitigate,This custom field was created by Jira Service Desk.,com.atlassian.servicedesk:sd-sla-field
22561,Time to Resolve,This custom field was created by Jira Service Desk.,com.atlassian.servicedesk:sd-sla-field
22568,Zephyr Teststep,Zephyr Custom Field to store test steps.,com.thed.zephyr.je:zephyr-je-customfield-teststep
16461,Assignee Manager(legacy),"",com.atlassian.jira.plugin.system.customfieldtypes:userpicker
28760,Manufacturing Sign-Off Date,,com.atlassian.jira.plugin.system.customfieldtypes:datepicker
32860,Google Analytic Requires?,,com.atlassian.jira.plugin.system.customfieldtypes:select
36960,Engineering Status,,com.atlassian.jira.plugin.system.customfieldtypes:textfield
36961,Engineering Priority,,com.atlassian.jira.plugin.system.customfieldtypes:textfield
12673,Test Improvement Summary (DevEx to fill),Notes describing what testing changes (if any) should to be done to eliminate/reduce this issue from happening again in the future,com.atlassian.jira.plugin.system.customfieldtypes:textarea
45861,Detection Time,,com.atlassian.jira.plugin.system.customfieldtypes:datetime
49960,Type(Duplicate),"",com.atlassian.jira.plugin.system.customfieldtypes:textfield
21363,Target X-Parts,X-Parts that this part applies to.,com.atlassian.jira.plugin.system.customfieldtypes:labels
20502,Agile Board URL,The URL to the Agile Board for tracking this service team's releases.,com.atlassian.jira.plugin.system.customfieldtypes:url
20503,Canaveral Pipeline URL,"Link to the Canaveral CI/CD pipeline for this service team. If your team does not create code, then just put http://www.nutanix.com to confirm the fact.",com.atlassian.jira.plugin.system.customfieldtypes:url
20504,Transformation Score,"This field measures (out of 10) how much the team has transformed into a true service team.

 # How the score is computed.
 # +1 for Business Case Approved.
 # +0.5 for Service KPIs Approved.
 # +0.5 for Object Model Approved.
 # +1 for Release Cadence Populated.
 # +2 for Contract/API Approved.
 # +3 for Link to Canaveral Pipeline meaning CI/CD is in place.
 # +2 for Agile dashboard.",com.atlassian.jira.plugin.system.customfieldtypes:float
38760,Request Source,,com.atlassian.jira.plugin.system.customfieldtypes:select
12361,Customers to Benefit,"Customers who will benefit from this requirement, based on your interaction with them.",com.atlassian.jira.plugin.system.customfieldtypes:textfield
36962,Engineering Resolution,,com.atlassian.jira.plugin.system.customfieldtypes:textfield
12672,Test Escape?,No: This indicates that the bug does not need a new testcase.  Yes : Indicates the bug needs a new testcase.  Done : Indicates that the testcase for the bug/ticket is created.,com.atlassian.jira.plugin.system.customfieldtypes:radiobuttons
45472,Number of IPs ( host/cvm),,com.atlassian.jira.plugin.system.customfieldtypes:textfield
18461,Automation Completion Date,,com.atlassian.jira.plugin.system.customfieldtypes:datepicker
51265,Model Name Version and URL,,com.atlassian.jira.plugin.system.customfieldtypes:textfield
51266,Datasets (Source),,com.atlassian.jira.plugin.system.customfieldtypes:textarea
14471,Foreign Filing,,com.atlassian.jira.plugin.system.customfieldtypes:textfield
32861,New Project,,com.atlassian.jira.plugin.system.customfieldtypes:select
41060,Current Business Impact,,com.atlassian.jira.plugin.system.customfieldtypes:textarea
41061,PAR Type,,com.atlassian.jira.plugin.system.customfieldtypes:select
41062,PAR Description,,com.atlassian.jira.plugin.system.customfieldtypes:textarea
41063,PAR Resolution,,com.atlassian.jira.plugin.system.customfieldtypes:textarea
12461,Triage Status Summary,What is the latest one-line update on the status of this bug?,com.atlassian.jira.plugin.system.customfieldtypes:textfield
12466,Customer Benefits,Specify what benefits the customer gets by which persona (used for Requirements Project),com.atlassian.jira.plugin.system.customfieldtypes:textarea
33160,Target Date,,com.atlassian.jira.plugin.system.customfieldtypes:datetime
16861,Dev Team Involved,"",com.atlassian.jira.plugin.system.customfieldtypes:select
25728,FEAT Functional Test Complete,,com.atlassian.jira.plugin.system.customfieldtypes:select
17562,TimeToRelief,"",com.onresolve.jira.groovy.groovyrunner:scripted-field
16860,Log Analysis Attached,,com.atlassian.jira.plugin.system.customfieldtypes:select
49163,Est Del. Date,"",com.atlassian.jira.plugin.system.customfieldtypes:datepicker
16562,SFDC Case Link,,com.atlassian.jira.plugin.system.customfieldtypes:url
37062,Solutions Notes,"",com.atlassian.jira.plugin.system.customfieldtypes:textarea
41160,Problem Description,,com.atlassian.jira.plugin.system.customfieldtypes:textarea
41162,Pending Action Items,,com.atlassian.jira.plugin.system.customfieldtypes:textarea
41163,Completed Action Items,,com.atlassian.jira.plugin.system.customfieldtypes:textarea
45260,Impacted Branch,,com.atlassian.jira.plugin.system.customfieldtypes:textarea
49360,Value Delivered,,com.atlassian.jira.plugin.system.customfieldtypes:textarea
33161,Issue Sub-type,,com.atlassian.jira.plugin.system.customfieldtypes:select
12764,POC related?,Was this issue related to a Proof of Concept instance?,com.atlassian.jira.plugin.system.customfieldtypes:select
44160,Structure Index Monitor,"System custom field, required for correct functioning of Structure add-on. Does not store any data.",com.almworks.jira.structure:index-monitor-cf-type
49662,UX Status,,com.atlassian.jira.plugin.system.customfieldtypes:select
35095,LAST UPDATE / OTHER NOTES / CONTACTS,,com.atlassian.jira.plugin.system.customfieldtypes:textarea
20491,PO Close Date,When is the PO estimated to close?,com.atlassian.jira.plugin.system.customfieldtypes:datepicker
20493,Opportunity Value for Year($)(legacy),"How big do you anticipate the future opportunities with this customer in the next 4 quarters? (numerals only, no commas)",com.atlassian.jira.plugin.system.customfieldtypes:textfield
20498,Contingent PO?,Is the customer willing to offer a contingent PO for complete first purchase before any engineering work starts?,com.atlassian.jira.plugin.system.customfieldtypes:select
20499,team_size,The total team size of the service team.,com.atlassian.jira.plugin.system.customfieldtypes:select
41064,PAR Status,,com.atlassian.jira.plugin.system.customfieldtypes:multicheckboxes
12463,NOS License Edition,,com.atlassian.jira.plugin.system.customfieldtypes:select
16560,Oncall Status,,com.atlassian.jira.plugin.system.customfieldtypes:select
12467,Theme Label,Product area to organize categories of requirements,com.atlassian.jira.plugin.system.customfieldtypes:labels
20660,Sales Engineer,,com.atlassian.jira.plugin.system.customfieldtypes:multiuserpicker
20661,Sales Rep,,com.atlassian.jira.plugin.system.customfieldtypes:multiuserpicker
12480,Unnecessary ONCALL?,Could ONCALL have been prevented?,com.atlassian.jira.plugin.system.customfieldtypes:select
45660,Status Updated Date,"",com.onresolve.jira.groovy.groovyrunner:scripted-field
33466,Customer Survey Link,This field is for BA project customer survey,com.atlassian.jira.plugin.system.customfieldtypes:url
25694,Automation Integrated - ETA for Completion (100%),,com.atlassian.jira.plugin.system.customfieldtypes:datepicker
37061,Cases Total,,com.atlassian.jira.plugin.system.customfieldtypes:float
25695,Performance Metric Achieved,,com.atlassian.jira.plugin.system.customfieldtypes:select
16763,Product Release Date,"The date on which the invention first shipped to the field. If the invention has not yet shipped, please leave this field blank and use Product Release Version instead.",com.atlassian.jira.plugin.system.customfieldtypes:datepicker
29060,Ease,,com.atlassian.jira.plugin.system.customfieldtypes:float
12767,Available Access,,com.atlassian.jira.plugin.system.customfieldtypes:multicheckboxes
20960,Severity(CALM),,com.atlassian.jira.plugin.system.customfieldtypes:select
12768,Signature,Used for ONCALL Solutions & Perf tickets.,com.atlassian.jira.plugin.system.customfieldtypes:textarea
25696,Performance Metric ETA for Completion,,com.atlassian.jira.plugin.system.customfieldtypes:datepicker
49661,Requirement Status,,com.atlassian.jira.plugin.system.customfieldtypes:select
12860,# of records in the File,"",com.atlassian.jira.plugin.system.customfieldtypes:float
25697,On/Off Switch Available and Tested,,com.atlassian.jira.plugin.system.customfieldtypes:select
25703,NCC Output Verified,,com.atlassian.jira.plugin.system.customfieldtypes:select
41164,Operational Status,,com.atlassian.jira.plugin.system.customfieldtypes:select
41560,C-lvl Visibility,,com.atlassian.jira.plugin.system.customfieldtypes:multicheckboxes
33465,RM One Pager,,com.atlassian.jira.plugin.system.customfieldtypes:textarea
21080,Commit Date,Committed date to close the ticket.,com.atlassian.jira.plugin.system.customfieldtypes:datepicker
41565,Are you storing all of your secrets in Vault?,,com.atlassian.jira.plugin.system.customfieldtypes:select
29361,Changed Components,,com.atlassian.jira.plugin.system.customfieldtypes:textarea
33462,Impact Scale,,com.atlassian.jira.plugin.system.customfieldtypes:select
33464,Dev Test Plan,,com.atlassian.jira.plugin.system.customfieldtypes:textfield
37560,Link to QA Testing,,com.atlassian.jira.plugin.system.customfieldtypes:url
37561,Doc Update needed?,,com.atlassian.jira.plugin.system.customfieldtypes:select
25704,NCC Output Verified - ETA for Completion,,com.atlassian.jira.plugin.system.customfieldtypes:datepicker
25708,Demo Day - ETA for Completion,,com.atlassian.jira.plugin.system.customfieldtypes:datepicker
18570,PPC Hardware Platform,,com.atlassian.jira.plugin.system.customfieldtypes:multiselect
37564,Support Tech Lead 2,,com.atlassian.jira.plugin.system.customfieldtypes:userpicker
41660,Test Cases For This Request (Expected outcome),"",com.atlassian.jira.plugin.system.customfieldtypes:textarea
33561,Savings Per Month in $,,com.atlassian.jira.plugin.system.customfieldtypes:float
25377,Draft Design Doc - ETA for Completion,,com.atlassian.jira.plugin.system.customfieldtypes:datepicker
41761,White-glove level agreed,,com.atlassian.jira.plugin.system.customfieldtypes:select
41762,Initial Number of nodes deployed,"",com.atlassian.jira.plugin.system.customfieldtypes:textfield
45860,Incident Start,,com.atlassian.jira.plugin.system.customfieldtypes:datetime
42364,Extended Resolution / RCA,,com.atlassian.jira.plugin.system.customfieldtypes:textarea
50560,Sales Region,,com.atlassian.jira.plugin.system.customfieldtypes:select
10007,Group Notifications,"Select the groups who should additionally be notified about the issue. 
",com.atlassian.jira.plugin.system.customfieldtypes:multigrouppicker
47860,Issue Detection Phase,,com.atlassian.jira.plugin.system.customfieldtypes:select
49660,SaaS Team,,com.atlassian.jira.plugin.system.customfieldtypes:select
33461,Potential Impact,,com.atlassian.jira.plugin.system.customfieldtypes:select
25462,Design Review Completed,,com.atlassian.jira.plugin.system.customfieldtypes:select
50061,What ports are open?,,com.atlassian.jira.plugin.system.customfieldtypes:textarea
50160,Renewal Date,,com.atlassian.jira.plugin.system.customfieldtypes:datepicker
50161,Top 3 Facts / Context,,com.atlassian.jira.plugin.system.customfieldtypes:textarea
50162,SAM Leader Approver,,com.atlassian.jira.plugin.system.customfieldtypes:textfield
50163,Proposed Save Play,,com.atlassian.jira.plugin.system.customfieldtypes:select
50164,Mini Plan Summary,,com.atlassian.jira.plugin.system.customfieldtypes:textfield
50165,vTeam Manager,,com.atlassian.jira.plugin.system.customfieldtypes:userpicker
25673,Number of FEAT-related Open CFDs,,com.atlassian.jira.plugin.system.customfieldtypes:float
33866,Link to Integration Test Plan,,com.atlassian.jira.plugin.system.customfieldtypes:textfield
25674,Service Fundamentals Definition Complete,,com.atlassian.jira.plugin.system.customfieldtypes:select
25675,TOI Delivered,,com.atlassian.jira.plugin.system.customfieldtypes:select
50260,Time Requested (Hours),,com.atlassian.jira.plugin.system.customfieldtypes:float
46165,Follow-up Actions,,com.atlassian.jira.plugin.system.customfieldtypes:textfield
49162,Requested Delivery Date,,com.atlassian.jira.plugin.system.customfieldtypes:datepicker
49261,Account Name,,com.atlassian.jira.plugin.system.customfieldtypes:textfield
33463,Geo,,com.atlassian.jira.plugin.system.customfieldtypes:radiobuttons
45862,Initial Notification sent,,com.atlassian.jira.plugin.system.customfieldtypes:datetime
45864,Fix Applied,,com.atlassian.jira.plugin.system.customfieldtypes:datetime
50461,Nodes Installed,,com.atlassian.jira.plugin.system.customfieldtypes:textfield
38264,Asset,,com.atlassian.jira.plugin.system.customfieldtypes:textfield
38265,iTam Approver,,com.atlassian.jira.plugin.system.customfieldtypes:userpicker
42362,Extended Identification,,com.atlassian.jira.plugin.system.customfieldtypes:textarea
38266,Site Lead Approver,,com.atlassian.jira.plugin.system.customfieldtypes:userpicker
38267,Core Count,,com.atlassian.jira.plugin.system.customfieldtypes:textfield
42363,Extended Workaround,,com.atlassian.jira.plugin.system.customfieldtypes:textarea
38268,Customer Contacts,,com.atlassian.jira.plugin.system.customfieldtypes:textarea
50561,Products at Risk,,com.atlassian.jira.plugin.system.customfieldtypes:textarea
50562,Risk Type,,com.atlassian.jira.plugin.system.customfieldtypes:select
30265,RCA Title,"",com.atlassian.jira.plugin.system.customfieldtypes:textfield
30272,Vendor,,com.atlassian.jira.plugin.system.customfieldtypes:select
42561,Approval Process,,com.atlassian.jira.plugin.system.customfieldtypes:textarea
13861,FS/DS Done Date,Date when the Function Spec/Design Spec (FS/DS) was done.,com.atlassian.jira.plugin.system.customfieldtypes:datepicker
41261,SFDC Account Name,,com.atlassian.jira.plugin.system.customfieldtypes:textfield
50565,Who monitors/manages the system now?,,com.atlassian.jira.plugin.system.customfieldtypes:select
50566,When was the system last upgraded?,,com.atlassian.jira.plugin.system.customfieldtypes:datepicker
50660,Publisher,,com.atlassian.jira.plugin.system.customfieldtypes:labels
13863,GUI Status,,com.atlassian.jira.plugin.system.customfieldtypes:textfield
48064,Effort Category,"",com.atlassian.jira.plugin.system.customfieldtypes:select
45865,Resolution Time,,com.atlassian.jira.plugin.system.customfieldtypes:datetime
25661,Detailed Design Doc - ETA for Completion,,com.atlassian.jira.plugin.system.customfieldtypes:datepicker
25662,UX Complete,,com.atlassian.jira.plugin.system.customfieldtypes:select
50563,Who installed the product?,,com.atlassian.jira.plugin.system.customfieldtypes:select
50564,How was the system designed?,,com.atlassian.jira.plugin.system.customfieldtypes:select
17960,ILT(In Class),,com.atlassian.jira.plugin.system.customfieldtypes:cascadingselect
26160,Epic Category,"Used to categories work item type at Epic level i.e. Customer Asks, Improvement, Feature",com.atlassian.jira.plugin.system.customfieldtypes:select
30260,Assignee Dept,,com.atlassian.jira.plugin.system.customfieldtypes:select
45866,Reasons For Non-Approval,,com.atlassian.jira.plugin.system.customfieldtypes:multicheckboxes
45867,Ticket Number Combined With,,com.atlassian.jira.plugin.system.customfieldtypes:textarea
45868,Other Reasons for Not Approval.,,com.atlassian.jira.plugin.system.customfieldtypes:textarea
30266,Problem Summary,"Enter a thorough description of the problem. Include what happened and who was affected. MUST INCLUDE AT TOP: The date(s) of the incident | Customer, data center | Duration (days, hours, and minutes) | SFDC #",com.atlassian.jira.plugin.system.customfieldtypes:textarea
30267,Impact to Customers,Select one or more options indicating how customers were affected.,com.atlassian.jira.plugin.system.customfieldtypes:multiselect
30269,Teams Engaged,"",com.atlassian.jira.plugin.system.customfieldtypes:multiuserpicker
30270,Event Timeline,"Enter details from start to finish of the event (when it was detected, what actions were taken to remediate, which individual(s) or team(s) were engaged), with all times in UTC.",com.atlassian.jira.plugin.system.customfieldtypes:textarea
30273,Interface,,com.atlassian.jira.plugin.system.customfieldtypes:select
30274,Model name,,com.atlassian.jira.plugin.system.customfieldtypes:textfield
30275,Capacity,,com.atlassian.jira.plugin.system.customfieldtypes:select
30276,Endurance,,com.atlassian.jira.plugin.system.customfieldtypes:select
46660,Tenable Tags,,com.atlassian.jira.plugin.system.customfieldtypes:labels
46661,Tenable Host UUID,,com.atlassian.jira.plugin.system.customfieldtypes:readonlyfield
30278,Time to Detect,How long did it take for the defect to be detected?,com.atlassian.jira.plugin.system.customfieldtypes:textfield
50762,AI Category,,com.atlassian.jira.plugin.system.customfieldtypes:select
52060,YOU HAVE USED THE OPEN SOURCE AGENT TO CONFIRM YOUR PROPOSED USE / MODEL IS NOT PROHIBITED,,com.atlassian.jira.plugin.system.customfieldtypes:select
17260,Customer/Internal?,,com.atlassian.jira.plugin.system.customfieldtypes:textfield
21361,Engineering Sample Request,Sample request count from Engineering,com.atlassian.jira.plugin.system.customfieldtypes:textfield
21362,Manufacturing Sample Request,Sample count requested by Manufacturing,com.atlassian.jira.plugin.system.customfieldtypes:textfield
50760,Work Category,,com.atlassian.jira.plugin.system.customfieldtypes:select
50761,Requesting Team,,com.atlassian.jira.plugin.system.customfieldtypes:select
50763,AI Use Case,,com.atlassian.jira.plugin.system.customfieldtypes:select
26262,Slack Link 2,,com.atlassian.jira.plugin.system.customfieldtypes:url
30360,Legal Review Complete?,,com.atlassian.jira.plugin.system.customfieldtypes:radiobuttons
30361,Graphics Complete?,,com.atlassian.jira.plugin.system.customfieldtypes:radiobuttons
38560,Code regression,,com.atlassian.jira.plugin.system.customfieldtypes:select
38562,Planned Start Date,,com.atlassian.jira.plugin.system.customfieldtypes:datepicker
38563,Planned Development Completion Date,,com.atlassian.jira.plugin.system.customfieldtypes:datepicker
38564,Planned QA Completion Date,,com.atlassian.jira.plugin.system.customfieldtypes:datepicker
38566,Planned UAT Start Date,,com.atlassian.jira.plugin.system.customfieldtypes:datepicker
42662,Services/Customer Requirements,,com.atlassian.jira.plugin.system.customfieldtypes:textarea
51161,UX Sizing,,com.atlassian.jira.plugin.system.customfieldtypes:select
21360,Component MPN,MPN under qualification,com.atlassian.jira.plugin.system.customfieldtypes:labels
30860,Review Approval/s,,com.atlassian.jira.plugin.system.customfieldtypes:multicheckboxes
34961,Solutions Impact,"",com.atlassian.jira.plugin.system.customfieldtypes:multiselect
50865,Business Function,,com.atlassian.jira.plugin.system.customfieldtypes:select
30866,Reason for RA Rejection,,com.atlassian.jira.plugin.system.customfieldtypes:textarea
17461,Corrective Action Details,"",com.atlassian.jira.plugin.system.customfieldtypes:textarea
25663,UX - ETA for Completion,,com.atlassian.jira.plugin.system.customfieldtypes:datepicker
29760,First Response in Hours,,com.atlassian.jira.plugin.system.customfieldtypes:float
38565,Planned Go-Live Date,,com.atlassian.jira.plugin.system.customfieldtypes:datepicker
50860,Deal Temperature,,com.atlassian.jira.plugin.system.customfieldtypes:select
50861,EA Confidence,,com.atlassian.jira.plugin.system.customfieldtypes:select
50862,Estimated Total TCV,,com.atlassian.jira.plugin.system.customfieldtypes:textfield
50863,Estimated Total ACV,,com.atlassian.jira.plugin.system.customfieldtypes:textfield
50864,SFDC Case Gap (Days),,com.atlassian.jira.plugin.system.customfieldtypes:float
50961,Eng Commit,,com.atlassian.jira.plugin.system.customfieldtypes:select
51263,PII In Scope?,Personally Identifiable Info,com.atlassian.jira.plugin.system.customfieldtypes:select
51264,Use of External AI/Vendor?,,com.atlassian.jira.plugin.system.customfieldtypes:select
14472,Time Spent (hours),How much time was Spent because of this ticket?,com.atlassian.jira.plugin.system.customfieldtypes:float
14160,Support Lead,,com.atlassian.jira.plugin.system.customfieldtypes:multiuserpicker
20860,Target C-Part,HWQUAL target C- part (not guaranteed to be C- part for historical purposes of released components),com.atlassian.jira.plugin.system.customfieldtypes:labels
29260,ASK Completion(days),"",com.onresolve.jira.groovy.groovyrunner:scripted-field
19161,Support Sign-Off,"",com.atlassian.jira.plugin.system.customfieldtypes:select
25463,Security Severity,,com.atlassian.jira.plugin.system.customfieldtypes:select
11168,Field Priority,,com.atlassian.jira.plugin.system.customfieldtypes:select
30279,Time to Mitigate,How long did it take to begin troubleshooting?,com.atlassian.jira.plugin.system.customfieldtypes:textfield
38692,Tenable State,,com.atlassian.jira.plugin.system.customfieldtypes:readonlyfield
38693,Tenable Plugin Family,,com.atlassian.jira.plugin.system.customfieldtypes:readonlyfield
39067,Rank From Sales OR PM,,com.atlassian.jira.plugin.system.customfieldtypes:float
24661,Salesforce Cases,Read-only custom field storing the ID of the related remote object for the system Salesforce - 2 Case DO NOT DELETE,net.customware.plugins.connector.atlassian.jira-connector-plugin:remotesystem-id-customfield
22361,Xi IoT Category,"",com.atlassian.jira.plugin.system.customfieldtypes:select
30560,Theme,,com.atlassian.jira.plugin.system.customfieldtypes:select
30561,Reason for Version Change,,com.atlassian.jira.plugin.system.customfieldtypes:select
30562,SKU Requested?,,com.atlassian.jira.plugin.system.customfieldtypes:radiobuttons
34963,Solutions Tech Requirements,"",com.atlassian.jira.plugin.system.customfieldtypes:textarea
39064,Link To Project On Confluence,,com.atlassian.jira.plugin.system.customfieldtypes:textarea
30872,Template Update Required,,com.atlassian.jira.plugin.system.customfieldtypes:multicheckboxes
39065,BRD Review Date,,com.atlassian.jira.plugin.system.customfieldtypes:datepicker
25684,Link to Full Project Plan,,com.atlassian.jira.plugin.system.customfieldtypes:url
12671,RCA Corrective Action,What steps have been taken to prevent this issue?,com.atlassian.jira.plugin.system.customfieldtypes:textarea
25464,Security Priority,,com.atlassian.jira.plugin.system.customfieldtypes:select
29560,TimeToEngage(mins),"",com.onresolve.jira.groovy.groovyrunner:scripted-field
29561,TimeToResolve(days),"",com.onresolve.jira.groovy.groovyrunner:scripted-field
29761,First Response SLA,,com.atlassian.jira.plugin.system.customfieldtypes:select
13162,Warrant Security Advisory?,,com.atlassian.jira.plugin.system.customfieldtypes:select
42661,Services/Customer Impact,,com.atlassian.jira.plugin.system.customfieldtypes:textarea
30564,SKU #s,,com.atlassian.jira.plugin.system.customfieldtypes:textfield
30565,Monitoring Analysis Detection,,com.atlassian.jira.plugin.system.customfieldtypes:cascadingselect
39066,Design Review Signoff Date,"",com.atlassian.jira.plugin.system.customfieldtypes:datepicker
39072,Effort,"",com.atlassian.jira.plugin.system.customfieldtypes:select
51366,Are there alternatives or workarounds?,,com.atlassian.jira.plugin.system.customfieldtypes:select
35063,Discovery Needed,,com.atlassian.jira.plugin.system.customfieldtypes:radiobuttons
22775,Support Issue Type,,com.atlassian.jira.plugin.system.customfieldtypes:select
35064,Closed Reason,,com.atlassian.jira.plugin.system.customfieldtypes:select
51470,OSAI Name,,com.atlassian.jira.plugin.system.customfieldtypes:textarea
38762,Business Owner,,com.atlassian.jira.plugin.system.customfieldtypes:userpicker
38763,Planned Project Start Date,,com.atlassian.jira.plugin.system.customfieldtypes:datepicker
42862,Nutanix Proprietary,,com.atlassian.jira.plugin.system.customfieldtypes:select
42864,Hosted/Saas/Cloud,"",com.atlassian.jira.plugin.system.customfieldtypes:select
42865,On-Prem,,com.atlassian.jira.plugin.system.customfieldtypes:select
42863,"If No, Explain",,com.atlassian.jira.plugin.system.customfieldtypes:textarea
23561,First Response,"",com.atlassian.jira.ext.charting:firstresponsedate
10460,[CHART] Time in Status,"",com.atlassian.jira.ext.charting:timeinstatus
42867,Engineering Lead/s,,com.atlassian.jira.plugin.system.customfieldtypes:multiuserpicker
51060,Co-Assignee,,com.atlassian.jira.plugin.system.customfieldtypes:multiuserpicker
51061,Design Component,,com.atlassian.jira.plugin.system.customfieldtypes:select
47360,Is this AI?,,com.atlassian.jira.plugin.system.customfieldtypes:radiobuttons
43264,Reason for Declining CER Request,,com.atlassian.jira.plugin.system.customfieldtypes:textarea
47361,Developer Comments,,com.atlassian.jira.plugin.system.customfieldtypes:textarea
35081,ORIGIN,"<!DOCTYPE html>
<html>
<body>

<p> Optional - where did you learn of this issue or import it from. <br> Example: ONCALL, TH or Case reference <br> Example: EE Weekly Updates - YYYY-MM-DD<br>Example: Readiness Major Issues - YYYY-MM-DD </p>

</body>
</html>",com.atlassian.jira.plugin.system.customfieldtypes:textfield
35087,Accepted,,com.atlassian.jira.plugin.system.customfieldtypes:datetime
51471,OSAI Version,,com.atlassian.jira.plugin.system.customfieldtypes:textarea
33470,Smart Checklist Progress,Do not delete. Stores checklist completion progress. Automatically created by Smart Checklist for Jira.,com.atlassian.jira.plugin.system.customfieldtypes:textfield
51472,OSAI URL,,com.atlassian.jira.plugin.system.customfieldtypes:url
35088,Published,,com.atlassian.jira.plugin.system.customfieldtypes:datetime
20501,Last Updated By,"",com.onresolve.jira.groovy.groovyrunner:scripted-field
51473,Country of Origin,Country of Origin applies to an the entity / author publishing the OSAI,com.atlassian.jira.plugin.system.customfieldtypes:textarea
51474,Licenses that apply?,"Model, training data, code",com.atlassian.jira.plugin.system.customfieldtypes:textarea
51475,Is this AI or Machine Learning?,,com.atlassian.jira.plugin.system.customfieldtypes:multicheckboxes
51476,Internal use only for Non-production / non product / testing validation,,com.atlassian.jira.plugin.system.customfieldtypes:select
51477,Internal use only for production / product purposes,,com.atlassian.jira.plugin.system.customfieldtypes:select
51478,Product inclusion - no distribution to customers / no access by customers,,com.atlassian.jira.plugin.system.customfieldtypes:select
20496,Has HW?,Does customer already own the hardware?,com.atlassian.jira.plugin.system.customfieldtypes:select
45491,Cost Center,,com.atlassian.jira.plugin.system.customfieldtypes:select
42869,Export / Trade Compliance Review Completed and Signed off,,com.atlassian.jira.plugin.system.customfieldtypes:select
42960,Is Source Code Being Distributed,,com.atlassian.jira.plugin.system.customfieldtypes:select
50460,Total Nodes,,com.atlassian.jira.plugin.system.customfieldtypes:textfield
31560,Linked Issues Status,It will display all linked issues status,com.onresolve.jira.groovy.groovyrunner:scripted-field
51063,Program,,com.atlassian.jira.plugin.system.customfieldtypes:select
51064,Feature type,,com.atlassian.jira.plugin.system.customfieldtypes:select
22463,Business Owners,"",com.atlassian.jira.plugin.system.customfieldtypes:multiuserpicker
22477,Detected By,How was this incident detected?,com.atlassian.jira.plugin.system.customfieldtypes:select
51160,Groomed date,,com.atlassian.jira.plugin.system.customfieldtypes:datepicker
26660,Assignee Region,,com.onresolve.jira.groovy.groovyrunner:scripted-field
51479,Product inclusion - Distribution to customers,,com.atlassian.jira.plugin.system.customfieldtypes:select
35096,Impact Type(sir),"",com.atlassian.jira.plugin.system.customfieldtypes:textarea
51480,Nutanix Hackathon,,com.atlassian.jira.plugin.system.customfieldtypes:select
35097,Primary Reference(sir),,com.atlassian.jira.plugin.system.customfieldtypes:textfield
51481,Used as-is or modified by Nutanix?,,com.atlassian.jira.plugin.system.customfieldtypes:textarea
51482,Processing or using any Nutanix Confidential Information?,,com.atlassian.jira.plugin.system.customfieldtypes:select
51483,Processing or using any Nutanix employee information?,,com.atlassian.jira.plugin.system.customfieldtypes:select
35099,Related Bugs and Improvements(sir),,com.atlassian.jira.plugin.system.customfieldtypes:textfield
51484,Processing or using any customer information?,,com.atlassian.jira.plugin.system.customfieldtypes:select
20866,Lenovo SoftwareOnly Platform,,com.atlassian.jira.plugin.system.customfieldtypes:multiselect
20867,Planned Go-Live Sprint,"",com.atlassian.jira.plugin.system.customfieldtypes:select
33660,Result,Please attach screenshot,com.atlassian.jira.plugin.system.customfieldtypes:textarea
25685,Resources - ETA for Commitment,,com.atlassian.jira.plugin.system.customfieldtypes:datepicker
13864,QA Status,,com.atlassian.jira.plugin.system.customfieldtypes:textfield
42663,Services/Customer Gap,,com.atlassian.jira.plugin.system.customfieldtypes:textarea
18062,Test Type,,com.atlassian.jira.plugin.system.customfieldtypes:select
18661,Pipeline Information,,com.atlassian.jira.plugin.system.customfieldtypes:textarea
10002,Story Points,"'Story Point Series: 0, 1, 2, 3, 5, 8, 13'",com.atlassian.jira.plugin.system.customfieldtypes:float
50360,OriginId,"iDalko internal custom field, needed to store Original Issue ID. Serves to distinguish between a Newly created Issue and a Cloned one (a New Issue has null value for this custom field, whereas Cloned Issue has the id of the Original Issue).",com.idalko.jira.plugins.igrid:originIdCFType
10010,User Notifications,Notify these user(s) about the issue.,com.atlassian.jira.plugin.system.customfieldtypes:multiuserpicker
10361,Epic Link,Choose an epic to assign this issue to.,com.pyxis.greenhopper.jira:gh-epic-link
27862,DS Message,,com.atlassian.jira.toolkit:viewmessage
11360,Integrated Version,SW version(s) that a bug fix has been committed to through git,com.atlassian.jira.plugin.system.customfieldtypes:multiversion
12460,Milestones,,com.idalko.jira.plugins.igrid:tableGridCFType
38764,Planned BRD Sign-off Date,,com.atlassian.jira.plugin.system.customfieldtypes:datepicker
38765,Planned Dev Completion Date,,com.atlassian.jira.plugin.system.customfieldtypes:datepicker
14368,Who Might Infringe ?,,com.atlassian.jira.plugin.system.customfieldtypes:textfield
10160,Rank (Obsolete),Global rank (obsolete) field for Jira Software use only.,com.pyxis.greenhopper.jira:gh-global-rank
14371,Simplivity Conflicts?,,com.atlassian.jira.plugin.system.customfieldtypes:select
22564,Doc Impact,,com.atlassian.jira.plugin.system.customfieldtypes:multicheckboxes
14372,Labels for SRE,,com.atlassian.jira.plugin.system.customfieldtypes:cascadingselect
18060,Test Case Name,,com.atlassian.jira.plugin.system.customfieldtypes:labels
51260,RevOps Lead,,com.atlassian.jira.plugin.system.customfieldtypes:userpicker
51261,PM Lead,,com.atlassian.jira.plugin.system.customfieldtypes:userpicker
51262,Data Classification,,com.atlassian.jira.plugin.system.customfieldtypes:multiselect
51485,Has an AI Risk Assessment and Scoring been performed on the applicable Nutanix product that the OSAI is being used for or with?,,com.atlassian.jira.plugin.system.customfieldtypes:select
51486,"You are responsible for reading and understanding the OSAI Model Card / Documentation.  You must review the intended uses, limitations, disclaimers, and warnings that are published with the OSAI you want to use and confirm that your intended use is no...",,com.atlassian.jira.plugin.system.customfieldtypes:multicheckboxes
51487,You understand that approval of the OSAI may require copyright attribution and other contractual obligations that must be followed when Nutanix Legal advises of the same,,com.atlassian.jira.plugin.system.customfieldtypes:select
18565,Education Components,,com.atlassian.jira.plugin.system.customfieldtypes:cascadingselect
10060,Global Rank,This field contains ranking data from Rapid Board usage in GreenHopper Labs and can be removed if the Rapid Board was not used for ranking in GreenHopper Labs.,com.pyxis.greenhopper.jira:gh-global-rank
22060,Development,Development Summary Field for Jira Software use only.,com.atlassian.jira.plugins.jira-development-integration-plugin:devsummary
19261,Reporter Manager,"",com.onresolve.jira.groovy.groovyrunner:scripted-field
42660,Deferral Justification,"",com.atlassian.jira.plugin.system.customfieldtypes:textarea
19262,Assignee Manager,"",com.onresolve.jira.groovy.groovyrunner:scripted-field
45962,Support Summary,,com.atlassian.jira.plugin.system.customfieldtypes:textarea
15160,Primary Component,,com.atlassian.jira.plugin.system.customfieldtypes:componentcascadingselect
22661,Location,,com.atlassian.jira.plugin.system.customfieldtypes:select
10360,Sprint,Jira Software sprint field,com.pyxis.greenhopper.jira:gh-sprint
19263,QA Contact Manager,"",com.onresolve.jira.groovy.groovyrunner:scripted-field
12364,Number of Salesforce Cases,The number of Salesforce cases related to this issue.,com.onresolve.jira.groovy.groovyrunner:scripted-field
13260,Regression?,Was this bug found in existing functionality that was known to be working in a shipping release?,com.atlassian.jira.plugin.system.customfieldtypes:radiobuttons
16567,KB/Doc Improvement Needed?,"<script type=""text/javascript"">


AJS.$(""#customfield_16567 option[value='-1']"").remove();


</script>",com.atlassian.jira.plugin.system.customfieldtypes:select
10011,Impact,"Internal Only:  Something a customer will never hit (Unit test framework problem, agave test framework issue, etc)<br/>
Unavailability - Intermittent:  Temporary outages that recover on their own<br/>
Unavailability - Permanent:  Requires support to bring the cluster back<br/>",com.atlassian.jira.plugin.system.customfieldtypes:multiselect
46166,Personal Reflections,,com.atlassian.jira.plugin.system.customfieldtypes:textfield
25686,Success Criteria Complete,,com.atlassian.jira.plugin.system.customfieldtypes:select
13762,Aging of Issue,"",com.onresolve.jira.groovy.groovyrunner:scripted-field
25687,Success Criteria - ETA for Completion,,com.atlassian.jira.plugin.system.customfieldtypes:datepicker
25688,Link to Success Criteria,"<h4>Target Gate Exit/Commit Gate Entry</h4>
",com.atlassian.jira.plugin.system.customfieldtypes:url
30280,Time to Crisis Bridge,"How long did it take to establish a crisis bridge? If not applicable, type N/A.",com.atlassian.jira.plugin.system.customfieldtypes:textfield
18166,Deadline Type,,com.atlassian.jira.plugin.system.customfieldtypes:select
18167,Deadline,,com.atlassian.jira.plugin.system.customfieldtypes:datepicker
18168,Investigation Stage,,com.atlassian.jira.plugin.system.customfieldtypes:select
38766,Planned UAT Completion Date,,com.atlassian.jira.plugin.system.customfieldtypes:datepicker
51267,Deployment Environment,,com.atlassian.jira.plugin.system.customfieldtypes:select
51268,Prod Readiness Date,,com.atlassian.jira.plugin.system.customfieldtypes:datepicker
22660,Issue-License Type,,com.atlassian.jira.plugin.system.customfieldtypes:select
14468,Matter No,,com.atlassian.jira.plugin.system.customfieldtypes:textfield
18566,Module,,com.atlassian.jira.plugin.system.customfieldtypes:textarea
51488,"As an enterprise company, we must use OSAI projects that are safe, reliable, and legally sound.",,com.atlassian.jira.plugin.system.customfieldtypes:multicheckboxes
12560,Rank,Global rank field for Jira Software use only.,com.pyxis.greenhopper.jira:gh-lexo-rank
33661,Expected Result,,com.atlassian.jira.plugin.system.customfieldtypes:textarea
25689,Code Coverage Percentage,,com.atlassian.jira.plugin.system.customfieldtypes:float
10860,QA Contact,QA Engineer responsible for bug verification and updating/implementing regression tests.,com.atlassian.jira.plugin.system.customfieldtypes:userpicker
10362,Epic Name,Provide a short name to identify this epic.,com.pyxis.greenhopper.jira:gh-epic-label
40660,EC Commit,"",com.atlassian.jira.plugin.system.customfieldtypes:select
25690,Code Coverage - ETA for Completion (>=85%),,com.atlassian.jira.plugin.system.customfieldtypes:datepicker
25691,Automation Percentage Complete,,com.atlassian.jira.plugin.system.customfieldtypes:float
25692,Automation - ETA for Completion (100%),,com.atlassian.jira.plugin.system.customfieldtypes:datepicker
25693,Automation Integrated Percentage,,com.atlassian.jira.plugin.system.customfieldtypes:float
25698,On/Off Switch - ETA for Completion,,com.atlassian.jira.plugin.system.customfieldtypes:datepicker
25699,P0/P1/Regression Bug Count,,com.atlassian.jira.plugin.system.customfieldtypes:float
25700,P0/P1/Regression Bug Count - ETA for Completion (0),,com.atlassian.jira.plugin.system.customfieldtypes:datepicker
25701,Pulse Output Verified,,com.atlassian.jira.plugin.system.customfieldtypes:select
25702,Pulse Output Verified - ETA for Completion,,com.atlassian.jira.plugin.system.customfieldtypes:datepicker
35106,Flagged Product Serviceability(sir),"",com.atlassian.jira.plugin.system.customfieldtypes:textarea
35107,Identification Automation(sir),,com.atlassian.jira.plugin.system.customfieldtypes:textarea
35108,OTHER NOTES(sir),,com.atlassian.jira.plugin.system.customfieldtypes:textfield
35109,ORIGIN(sir),,com.atlassian.jira.plugin.system.customfieldtypes:textfield
35112,Updated By(Previous),,com.atlassian.jira.plugin.system.customfieldtypes:textfield
35116,Related Bugs and Improvements(Previous),,com.atlassian.jira.plugin.system.customfieldtypes:textfield
35121,FIX AVAILABILITY(previous),,com.atlassian.jira.plugin.system.customfieldtypes:textarea
35122,Release Notes(previous),,com.atlassian.jira.plugin.system.customfieldtypes:textarea
35135,Primary Contacts(previous),,com.atlassian.jira.plugin.system.customfieldtypes:textarea
18764,Last Review Date,,com.atlassian.jira.plugin.system.customfieldtypes:datepicker
22860,Primary Tool,,com.atlassian.jira.plugin.system.customfieldtypes:select
22861,Developer Initiated Troubleshooting,Did the Nutanix developer attempt to troubleshoot the issue on their own before posting the message on slack?,com.atlassian.jira.plugin.system.customfieldtypes:radiobuttons
20868,Target Version,,com.atlassian.jira.plugin.system.customfieldtypes:multiversion
20869,Code Review url,,com.atlassian.jira.plugin.system.customfieldtypes:url
29061,Effort Number,"",com.atlassian.jira.plugin.system.customfieldtypes:float
20870,Developer,,com.atlassian.jira.plugin.system.customfieldtypes:userpicker
25706,API Verified - ETA for Completion,,com.atlassian.jira.plugin.system.customfieldtypes:datepicker
25707,Demo Day Complete,,com.atlassian.jira.plugin.system.customfieldtypes:select
18169,Domain,,com.atlassian.jira.plugin.system.customfieldtypes:multiselect
18170,Patents,,com.atlassian.jira.plugin.system.customfieldtypes:radiobuttons
18172,PPT Details,,com.atlassian.jira.plugin.system.customfieldtypes:textarea
38767,Planned Go-Live,,com.atlassian.jira.plugin.system.customfieldtypes:datepicker
39060,Project Status Override,,com.atlassian.jira.plugin.system.customfieldtypes:select
30869,RA Approved Date,,com.atlassian.jira.plugin.system.customfieldtypes:datepicker
39062,BRD Recieved Date,,com.atlassian.jira.plugin.system.customfieldtypes:datepicker
30870,Resume Testing From,,com.atlassian.jira.plugin.system.customfieldtypes:select
30871,Comments for NPI,"",com.atlassian.jira.plugin.system.customfieldtypes:textarea
39063,Prioritize Date,"",com.atlassian.jira.plugin.system.customfieldtypes:datepicker
22862,Initiated From Slack,Was the issue initiated from slack?,com.atlassian.jira.plugin.system.customfieldtypes:radiobuttons
22864,Troubleshooting Guide Created,Was troubleshooting guide created for this issue?,com.atlassian.jira.plugin.system.customfieldtypes:radiobuttons
43366,Tshirt Size,,com.atlassian.jira.plugin.system.customfieldtypes:select
47463,DS Comp One,"This field is used in DS-CFDA Automation, please don't delete it or modify.
For any queries reach out to Vishnu Bannurkar.",com.atlassian.jira.plugin.system.customfieldtypes:textfield
42871,Black Duck URL,Please provide the direct Black Duck URL to what was scanned,com.atlassian.jira.plugin.system.customfieldtypes:textarea
27269,Reason for selecting no,,com.atlassian.jira.plugin.system.customfieldtypes:textarea
20873,Progress,,com.atlassian.jira.plugin.system.customfieldtypes:select
20874,Org,The engineering org into which the service lead (and hence most of the service team in steady state) report.,com.atlassian.jira.plugin.system.customfieldtypes:select
25710,Upgrade/Compatibility - ETA for Completion,<h4>Promotion Gate Exit/GA Gate Entry</h4>,com.atlassian.jira.plugin.system.customfieldtypes:datepicker
30463,Release Due Date,,com.atlassian.jira.plugin.system.customfieldtypes:datepicker
34560,P0 Time Sensitive,,com.atlassian.jira.plugin.system.customfieldtypes:select
38661,TSC Repository Name,"",com.atlassian.jira.plugin.system.customfieldtypes:readonlyfield
46960,DBE Contact,,com.atlassian.jira.plugin.system.customfieldtypes:userpicker
39068,ACV Impact  (over 12 months),,com.atlassian.jira.plugin.system.customfieldtypes:select
39070,Customer / Partner / Employee Pain,,com.atlassian.jira.plugin.system.customfieldtypes:select
39071,Company Strategic Priority,,com.atlassian.jira.plugin.system.customfieldtypes:select
22768,Investigation Notes,,com.atlassian.jira.plugin.system.customfieldtypes:textarea
51560,Are you the end user needing access?,,com.atlassian.jira.plugin.system.customfieldtypes:select
51660,Code/Automation Needed?,,com.atlassian.jira.plugin.system.customfieldtypes:radiobuttons
23060,Test Plan,,com.atlassian.jira.plugin.system.customfieldtypes:textarea
23065,Change Risk,,com.atlassian.jira.plugin.system.customfieldtypes:select
35361,ACV $ opportunity for this transaction,,com.atlassian.jira.plugin.system.customfieldtypes:float
35362,ACV $ opportunity in next 12 months,,com.atlassian.jira.plugin.system.customfieldtypes:float
35363,Sustaining Need?,,com.atlassian.jira.plugin.system.customfieldtypes:radiobuttons
23075,Who Resolved this Issue?,,com.atlassian.jira.plugin.system.customfieldtypes:select
51360,What outcome is this improvement driving?,"",com.atlassian.jira.plugin.system.customfieldtypes:textarea
51362,Is this change linked to a specific AOS release?,"",com.atlassian.jira.plugin.system.customfieldtypes:select
51363,Linked AOS Release,,com.atlassian.jira.plugin.system.customfieldtypes:textarea
51365,When is this change needed?,,com.atlassian.jira.plugin.system.customfieldtypes:datepicker
51367,Describe the alternative or workaround,,com.atlassian.jira.plugin.system.customfieldtypes:textarea
37260,JIRA Case # SFDC,,com.atlassian.jira.plugin.system.customfieldtypes:textfield
20877,Customer Visible API,"If this service currently exposes the API to Nutanix customers directly, mark this true.",com.atlassian.jira.plugin.system.customfieldtypes:select
29662,90 days notice,,com.atlassian.jira.plugin.system.customfieldtypes:select
29663,Deviations implemented,,com.atlassian.jira.plugin.system.customfieldtypes:select
25711,Service Fundamentals - ETA for Completion,<h4>Commit Gate Exit/Promotion Gate Entry</h4>,com.atlassian.jira.plugin.system.customfieldtypes:datepicker
25712,Use Case Test - ETA for Completion,,com.atlassian.jira.plugin.system.customfieldtypes:datepicker
25726,Integration Complete,,com.atlassian.jira.plugin.system.customfieldtypes:select
25729,FEAT Functional Test - ETA for Completion (100%),,com.atlassian.jira.plugin.system.customfieldtypes:datepicker
25731,API Created / Updated / Coded - ETA for Completion,,com.atlassian.jira.plugin.system.customfieldtypes:datepicker
30283,Monitoring Analysis Alerts,"Where did the alert(s) go? Was the alert showing the correct severity?

What action items come out of this? Open a new tab, create the relevant Action Item(s), and then link the issues as Children to this RCA.",com.atlassian.jira.plugin.system.customfieldtypes:textarea
39460,Current RM Manager,,com.atlassian.jira.plugin.system.customfieldtypes:userpicker
12360,Found By,How was this bug found?,com.atlassian.jira.plugin.system.customfieldtypes:select
29664,UX Requirement Review,"",com.atlassian.jira.plugin.system.customfieldtypes:textfield
37261,KB Article # SFDC,,com.atlassian.jira.plugin.system.customfieldtypes:textfield
37262,QA Commit (NDB),"",com.atlassian.jira.plugin.system.customfieldtypes:select
33760,Security Operations Review,"",com.atlassian.jira.plugin.system.customfieldtypes:select
25733,Security Review - ETA for Completion,,com.atlassian.jira.plugin.system.customfieldtypes:datepicker
30284,Process Analysis (Process),"What improvements in process will accelerate troubleshooting next time?

What action items come out of this? Open a new tab, create the relevant Action Item(s), and then link the issues as Children to this RCA.",com.atlassian.jira.plugin.system.customfieldtypes:textarea
38662,Tenable IPv6,,com.atlassian.jira.plugin.system.customfieldtypes:readonlyfield
38664,Tenable IPv4,,com.atlassian.jira.plugin.system.customfieldtypes:readonlyfield
22769,Incident Commander,,com.atlassian.jira.plugin.system.customfieldtypes:userpicker
35060,Panacea Signatures Needed?,,com.atlassian.jira.plugin.system.customfieldtypes:radiobuttons
22774,Runbook Created?,,com.atlassian.jira.plugin.system.customfieldtypes:select
23076,Customer Email,,com.atlassian.jira.plugin.system.customfieldtypes:textfield
23077,AMD HW Platform,,com.atlassian.jira.plugin.system.customfieldtypes:multiselect
39463,Data Duration,,com.atlassian.jira.plugin.system.customfieldtypes:select
23079,Follow Up Sent?,"",com.atlassian.jira.plugin.system.customfieldtypes:select
23082,Target Recovery Point Objective (In Hours),,com.atlassian.jira.plugin.system.customfieldtypes:textfield
51761,Program,,com.atlassian.jira.plugin.system.customfieldtypes:select
23090,Has your team completed the Xi Incident Management Training?,,com.atlassian.jira.plugin.system.customfieldtypes:select
23091,Have you executed a monitoring firedrill (event to escalation) for all critical scenarios?,,com.atlassian.jira.plugin.system.customfieldtypes:select
47775,A11y Func Validator,,com.atlassian.jira.plugin.system.customfieldtypes:userpicker
39160,Include in Product Roadmap?,,com.atlassian.jira.plugin.system.customfieldtypes:select
46961,Supportability contact,,com.atlassian.jira.plugin.system.customfieldtypes:userpicker
35065,Tracking,,com.atlassian.jira.plugin.system.customfieldtypes:select
35066,Impact Type,Reliability/Availability/User impacts - please select each item that applies to this issue; please use TBD if you are uncertain about what to select,com.atlassian.jira.plugin.system.customfieldtypes:multicheckboxes
35067,Primary Reference,The main issue reference or link (Example: ENG-12345),com.atlassian.jira.plugin.system.customfieldtypes:textfield
37263,Next actions history,,com.atlassian.jira.plugin.system.customfieldtypes:textarea
37860,Customer Temperature,,com.atlassian.jira.plugin.system.customfieldtypes:select
17560,Unnecessary Oncall Summary,"Enter the summary, if oncall falls in unnecessary category.",com.atlassian.jira.plugin.system.customfieldtypes:textarea
17561,Customer Relief Date,,com.atlassian.jira.plugin.system.customfieldtypes:datetime
38665,Tenable Port,,com.atlassian.jira.plugin.system.customfieldtypes:readonlyfield
38666,Tenable Plugin Output,,com.atlassian.jira.plugin.system.customfieldtypes:textarea
38769,Project On-Hold End Date,,com.atlassian.jira.plugin.system.customfieldtypes:datepicker
35072,ISB,"<!DOCTYPE html>
<html>
<body>

<p> List of related ISB-ID, usually only one or leave empty (E.g.: ISB-###-####)<br>Example 1:<br>ISB-123-2022 <br> Example 2 (best - embed the confluence ISB link): <br> [ISB-123-2022|https://confluence.eng.nutanix.com:8443/display/STK/ISB-123-2022%3A+UECC+handling+on+BIOS+with+memory+poisoning+enabled+may+trigger+ext4+filesystem+corruption+on+the+CVM] </p>

</body>
</html>",com.atlassian.jira.plugin.system.customfieldtypes:textfield
46060,Impacted by,,com.atlassian.jira.plugin.system.customfieldtypes:labels
13362,Decision Date,Date when Doc was decided for Approval or Rejection.,com.atlassian.jira.plugin.system.customfieldtypes:datepicker
25666,Customer Count,,com.atlassian.jira.plugin.system.customfieldtypes:float
46266,Etcd Version,,com.atlassian.jira.plugin.system.customfieldtypes:multiversion
46267,Keep Alived Version,,com.atlassian.jira.plugin.system.customfieldtypes:textfield
46268,Powerbroker,,com.atlassian.jira.plugin.system.customfieldtypes:textfield
46269,Oracle ASM Drive,,com.atlassian.jira.plugin.system.customfieldtypes:select
38667,Tenable Source,,com.atlassian.jira.plugin.system.customfieldtypes:readonlyfield
46860,Feature Flag Label,,com.atlassian.jira.plugin.system.customfieldtypes:labels
38668,Tenable CVSSv2 Base Score,,com.atlassian.jira.plugin.system.customfieldtypes:readonlyfield
38669,Tenable Plugin ID,,com.atlassian.jira.plugin.system.customfieldtypes:readonlyfield
42866,Images Spun up into Customer Environment,,com.atlassian.jira.plugin.system.customfieldtypes:select
38770,Project On Hold Reason,,com.atlassian.jira.plugin.system.customfieldtypes:select
35073,Related Bugs and Improvements,"<!DOCTYPE html>
<html>
<body>

<p>Jira items that address the fix and deflection plan and are tracked as bugs or improvements. <br> Improvements may include ncc health checks, insights discoveries, panacea requests, illuminati request, FEAT, etc.
.</p>

</body>
</html>",com.atlassian.jira.plugin.system.customfieldtypes:textfield
47363,Documentation Needed,,com.atlassian.jira.plugin.system.customfieldtypes:select
35076,Issue Signature,"<!DOCTYPE html>
<html>
<body>

<p> The main signature: what is observed and under what triggering conditions<br>Example:<br>NX-G6/G7 node may be stuck in a boot loop after restarting.  Initial symptom before restarting may include IPMI Web GUI inaccessible (blank white screen after logging in). </p>

</body>
</html>",com.atlassian.jira.plugin.system.customfieldtypes:textarea
25667,API Definition - ETA for Completion,,com.atlassian.jira.plugin.system.customfieldtypes:datepicker
21865,Epoch Category,,com.atlassian.jira.plugin.system.customfieldtypes:select
38670,Tenable First Found,,com.atlassian.jira.plugin.system.customfieldtypes:readonlyfield
38671,Tenable Agent UUID,,com.atlassian.jira.plugin.system.customfieldtypes:readonlyfield
22465,Customer Opportunities,,com.atlassian.jira.plugin.system.customfieldtypes:textarea
22468,Draft Due Date,,com.atlassian.jira.plugin.system.customfieldtypes:datepicker
30660,Question Category,,com.atlassian.jira.plugin.system.customfieldtypes:select
35068,PRODUCT / COMPONENT,,com.atlassian.jira.plugin.system.customfieldtypes:select
51460,Project Team,,com.onresolve.jira.groovy.groovyrunner:multiple-issue-picker-cf
35077,Environment / Contributing Factors / Trigger,"<!DOCTYPE html>
<html>
<body>

<p> Environment / Contributing Factors (which components, configuration and/or versions must be present for the issue to occur, including any 3rd party components) <br>Example 1 (hardware issue): 
<br>NX-G6/G7 NX hardware with any version of BMC prior to 7.10 + 3rd party application security scanning of the IPMI port.<br> Example 2 (AOS issue):  <br> AOS 5.19 or newer, 5.15.4 and 5.15.5, using a custom gflag value for the genesis default_common_memory_pool_in_gb for CVMs with >= 40 GB of memory assigned.</p>

</body>
</html>",com.atlassian.jira.plugin.system.customfieldtypes:textarea
51462,Database Edition,,com.atlassian.jira.plugin.system.customfieldtypes:select
35078,Impact Statement,"<!DOCTYPE html>
<html>
<body>

<p> What is the impact to a customer and any activity relating to when and why the impact occurs. <br>- Note if the issue requires intervention to recover and if a workaround exists.<br>  - If there are multiple potential impacts, list them as Impact1: .., Impact2 ...) <br> Example: <br> Potential for cluster down during or after AHV upgrade if the bundled i40e NIC driver is used.  The upgrade progresses to a cluster impacting state as hosts using the driver are severely degraded for network performance but still reachable.  Pre-planning or Intervention is required with the workaround or fixed release upgrade (refer to ISB-115 for complete guidance). </p>

</body>
</html>",com.atlassian.jira.plugin.system.customfieldtypes:textarea
35098,KB / FA / ISB(sir),,com.atlassian.jira.plugin.system.customfieldtypes:textarea
49560,In-team Sign-Off,,com.atlassian.jira.plugin.system.customfieldtypes:select
25668,Draft Test Plan Complete,,com.atlassian.jira.plugin.system.customfieldtypes:select
33860,Worked in Quarter,,com.atlassian.jira.plugin.system.customfieldtypes:labels
25961,Product Meta Requirements,,com.atlassian.jira.plugin.system.customfieldtypes:textarea
25962,Sales Ops Priority,,com.atlassian.jira.plugin.system.customfieldtypes:select
22469,Final Due Date,,com.atlassian.jira.plugin.system.customfieldtypes:datepicker
22470,Design Review Date,"",com.atlassian.jira.plugin.system.customfieldtypes:datepicker
22471,TME Owner,,com.atlassian.jira.plugin.system.customfieldtypes:multiuserpicker
43261,RCA Test Gap,Test category to effectively capture the issue,com.atlassian.jira.plugin.system.customfieldtypes:select
35079,FIX AVAILABILITY,"<!DOCTYPE html>
<html>
<body>

<p> Known state of fixing this issue: please specify the Jira item that is delivering the fix; list more than one if there are multiple fixes needed; and/or indicate if it is fixed but pending a future release.   <br> Follow these examples. <br> Example 1: [if fix determination is unknown] <br> TBD <br> Example 2: [if reproduced but fix is under investigation]  <br>Under Investigation Reproducible internally.<br>Example 3:[if fixed and requiring a specific AOS/AHV combination] <br> AOS 5.15.4/AHV 20190916.321 (ENG-316190) <br> Example 4: [if fix is integrated in a version but the release vehicle is not released yet]<br> PENDING RELEASE (BMC 7.10) </p>

</body>
</html>",com.atlassian.jira.plugin.system.customfieldtypes:textarea
51464,DB Version,,com.atlassian.jira.plugin.system.customfieldtypes:labels
35080,OTHER NOTES,"<!DOCTYPE html>
<html>
<body>

<p>Optional - if there is a brief but additional important note to publish in reports, about the state of the issue. <br>Use very few words.<br>Example: NX-3060-G5 shipments on-hold 2015-06-01 <br> Note: When published, this is automatically included within the combined SI field: LAST UPDATE / OTHER NOTES / CONTACTS.</p>

</body>
</html>",com.atlassian.jira.plugin.system.customfieldtypes:textfield
51465,Operating System,,com.atlassian.jira.plugin.system.customfieldtypes:select
49561,Test Lead Sign-Off,,com.atlassian.jira.plugin.system.customfieldtypes:select
45467,Replacing,,com.atlassian.jira.plugin.system.customfieldtypes:textarea
25669,Node Count,,com.atlassian.jira.plugin.system.customfieldtypes:float
30061,Link to Published Document,,com.atlassian.jira.plugin.system.customfieldtypes:url
30290,Other Contributing Factors,"What other variables contributed to the incident?

What action items come out of this? Open a new tab, create the relevant Action Item(s), and then link the issues as Children to this RCA.",com.atlassian.jira.plugin.system.customfieldtypes:textarea
43161,Behind Schedule Reason,,com.atlassian.jira.plugin.system.customfieldtypes:textarea
35070,KB ARTICLES,"<!DOCTYPE html>
<html>
<body>

<p> List of KB-ID (visibility) (E.g. KB-#### (external)) <br> Example 1: <br>  KB-12204 (external) <br> Example 2 (better - embed the portal KB link): <br> [KB-12204|https://portal.nutanix.com/kb/000012204] (external) <br> Example 3 (best - embed the portal link AND the SFDC KB link) <br> [KB-12204|https://portal.nutanix.com/kb/000012204] <br> ([external|https://nutanix.my.salesforce.com/articles/Knowledge_Base/Nutanix-Clusters-on-AOS-6-0-x-may-experience-stability-issues])  </p>

</body>
</html>",com.atlassian.jira.plugin.system.customfieldtypes:textfield
43262,Review Approvals,,com.atlassian.jira.plugin.system.customfieldtypes:textfield
43263,CER Request Template,,com.atlassian.jira.plugin.system.customfieldtypes:url
35071,FA,"<!DOCTYPE html>
<html>
<body>

<p> List of FA-ID, usually only one or leave empty (E.g. FA-###)<br>Example 1:<br>FA-99 <br> Example 2 (best - embed the portal FA link): <br> [FA-99|http://download.nutanix.com/alerts/Field_Advisory_0099.pdf] </p>

</body>
</html>",com.atlassian.jira.plugin.system.customfieldtypes:textfield
35082,Flagged Product Serviceability,"<!DOCTYPE html>
<html>
<body>

<p> Flags for additional attention in the tracked response.  
<br> Please select each item that applies to this issue - and/or use TBD if the selections are still to be reviewed (use this if uncertain) or REVIEWED if all relevant selections are set </p>

</body>
</html>",com.atlassian.jira.plugin.system.customfieldtypes:multicheckboxes
51466,Operating System Version,,com.atlassian.jira.plugin.system.customfieldtypes:labels
35461,Test Plan Link,,com.atlassian.jira.plugin.system.customfieldtypes:url
19060,Tests Affected,"",com.onresolve.jira.groovy.groovyrunner:scripted-field
49564,Director Sign-Off,,com.atlassian.jira.plugin.system.customfieldtypes:select
25670,Draft Test Plan - ETA for Completion,,com.atlassian.jira.plugin.system.customfieldtypes:datepicker
34160,Skillsets Needed,,com.atlassian.jira.plugin.system.customfieldtypes:textfield
30065,Package Type,"",com.atlassian.jira.plugin.system.customfieldtypes:select
30066,Planned Status,,com.atlassian.jira.plugin.system.customfieldtypes:select
18061,Test Framework,,com.atlassian.jira.plugin.system.customfieldtypes:select
38683,Tenable Severity,,com.atlassian.jira.plugin.system.customfieldtypes:readonlyfield
38684,Tenable MAC Address,,com.atlassian.jira.plugin.system.customfieldtypes:readonlyfield
38685,Tenable NetBIOS Name,,com.atlassian.jira.plugin.system.customfieldtypes:readonlyfield
38686,Tenable CVE,,com.atlassian.jira.plugin.system.customfieldtypes:textarea
38689,Tenable Short Description,,com.atlassian.jira.plugin.system.customfieldtypes:readonlyfield
22472,Freshservice URL,,com.atlassian.jira.plugin.system.customfieldtypes:url
22473,CMR URL,,com.atlassian.jira.plugin.system.customfieldtypes:url
22474,Disclosure Completion Date,,com.atlassian.jira.plugin.system.customfieldtypes:datepicker
22475,Document URLs,,com.atlassian.jira.plugin.system.customfieldtypes:textarea
22476,Other Urls,,com.atlassian.jira.plugin.system.customfieldtypes:textarea
35083,DETAILS FOR AUTOMATED SIGNATURE IDENTIFICATION,"<!DOCTYPE html>
<html>
<body>

<p> Optional - Explanation of logic and/or links to documents that provide information on signatures and logs to automate detection.<br> This may benefit a common NCC, Panacea, Insights, or other algorithmic consumer - especially if this has been identified already within one of these approaches. <br> In future, this might benefit a unified plugin strategy for extensibility of any of these tools.</p>

</body>
</html>",com.atlassian.jira.plugin.system.customfieldtypes:textarea
25671,Number of FEAT-related OnCalls,,com.atlassian.jira.plugin.system.customfieldtypes:float
25672,Number of FEAT-related CFDs,,com.atlassian.jira.plugin.system.customfieldtypes:float
37960,RM Executive Summary Link,,com.atlassian.jira.plugin.system.customfieldtypes:textarea
26261,Slack Link 1,,com.atlassian.jira.plugin.system.customfieldtypes:url
30362,Published?,,com.atlassian.jira.plugin.system.customfieldtypes:radiobuttons
38687,Tenable FQDN,,com.atlassian.jira.plugin.system.customfieldtypes:readonlyfield
38688,Tenable CVSSv2 Temporal Score,,com.atlassian.jira.plugin.system.customfieldtypes:readonlyfield
38690,Tenable Asset UUID,,com.atlassian.jira.plugin.system.customfieldtypes:readonlyfield
38691,Tenable Last Fixed,,com.atlassian.jira.plugin.system.customfieldtypes:readonlyfield
14362,Date of Baselining,When has the baselining been done [GANTT],com.atlassian.jira.plugin.system.customfieldtypes:datetime
14363,Baseline Effort,Estimated effort in working days at baseline for this issue [GANTT],com.atlassian.jira.plugin.system.customfieldtypes:float
14364,Patent/Application Number,"",com.atlassian.jira.plugin.system.customfieldtypes:textfield
51467,NDB Versions,,com.atlassian.jira.plugin.system.customfieldtypes:multiversion
51468,Database Deployment Model,,com.atlassian.jira.plugin.system.customfieldtypes:multiselect
35085,Review,The date this issue has been set to be reviewed by.,com.atlassian.jira.plugin.system.customfieldtypes:datepicker
51469,Survey Stakeholders,,com.atlassian.jira.plugin.system.customfieldtypes:multiuserpicker
35086,Primary Support Contacts,List of published Primary Support contacts for this issue.  Leave empty if uncertain and/or you do not want to be a published contact.,com.atlassian.jira.plugin.system.customfieldtypes:multiuserpicker
35463,AOS Dev Build,Please attach the link,com.atlassian.jira.plugin.system.customfieldtypes:url
12481,Resolved issue?,Is this problem resolved in a current GA release?,com.atlassian.jira.plugin.system.customfieldtypes:select
34460,Important Links,,com.atlassian.jira.plugin.system.customfieldtypes:textarea
45475,Owner,,com.atlassian.jira.plugin.system.customfieldtypes:multiuserpicker
13667,Gantt Options,Issue-specific settings [GANTT],com.atlassian.jira.plugin.system.customfieldtypes:multicheckboxes
13672,MS-Project ID,Related task-ID of imported MS-Project [GANTT],com.atlassian.jira.plugin.system.customfieldtypes:importid
38260,Event Title,,com.atlassian.jira.plugin.system.customfieldtypes:textfield
38261,Event Date,,com.atlassian.jira.plugin.system.customfieldtypes:datetime
38262,Rescheduled Date,,com.atlassian.jira.plugin.system.customfieldtypes:datetime
38263,Event Start Time,,com.atlassian.jira.plugin.system.customfieldtypes:datetime
42360,Extended Description,,com.atlassian.jira.plugin.system.customfieldtypes:textarea
30566,POD team,,com.atlassian.jira.plugin.system.customfieldtypes:labels
14374,OnCall Relief,"",com.atlassian.jira.plugin.system.customfieldtypes:multiselect
30760,Stage Of Testing,"",com.atlassian.jira.plugin.system.customfieldtypes:multiselect
35090,Curating Technical Lead,,com.atlassian.jira.plugin.system.customfieldtypes:userpicker
35092,Revision,,com.atlassian.jira.plugin.system.customfieldtypes:float
35093,Published(sir),,com.atlassian.jira.plugin.system.customfieldtypes:textfield
35094,Updated By(sir),,com.atlassian.jira.plugin.system.customfieldtypes:textfield
23175,Peer Approvers,,com.atlassian.jira.plugin.system.customfieldtypes:multiuserpicker
51860,Use Case / Component / Model Not Prohibited by Glean Open Source Compliance Agent,,com.atlassian.jira.plugin.system.customfieldtypes:select
45478,Estimated Ship Date,,com.atlassian.jira.plugin.system.customfieldtypes:datepicker
45479,Received Date,,com.atlassian.jira.plugin.system.customfieldtypes:datepicker
45480,Estimated Installation Date,,com.atlassian.jira.plugin.system.customfieldtypes:datepicker
45481,Actual Installation Date,,com.atlassian.jira.plugin.system.customfieldtypes:datepicker
45482,Order Numbers,,com.atlassian.jira.plugin.system.customfieldtypes:textfield
45483,Asset Number,,com.atlassian.jira.plugin.system.customfieldtypes:textfield
45484,Elevation,,com.atlassian.jira.plugin.system.customfieldtypes:textfield
45485,Jarvis Updated,,com.atlassian.jira.plugin.system.customfieldtypes:select
45486,Configuration Check,,com.atlassian.jira.plugin.system.customfieldtypes:select
45487,Get Quote,,com.atlassian.jira.plugin.system.customfieldtypes:select
45488,Check Inventory,,com.atlassian.jira.plugin.system.customfieldtypes:select
45489,Budget Check,,com.atlassian.jira.plugin.system.customfieldtypes:select
12762,Dell Hardware Model,You can select more than one.,com.atlassian.jira.plugin.system.customfieldtypes:multiselect
12766,Solution Focus,,com.atlassian.jira.plugin.system.customfieldtypes:textarea
42361,Extended Symptoms,,com.atlassian.jira.plugin.system.customfieldtypes:textarea
38561,Regressed-code-review-link,,com.atlassian.jira.plugin.system.customfieldtypes:textfield
35100,Issue Signature(sir),"",com.atlassian.jira.plugin.system.customfieldtypes:textarea
35101,Environment / Trigger(sir),"",com.atlassian.jira.plugin.system.customfieldtypes:textarea
35102,Impact Statement(sir),"",com.atlassian.jira.plugin.system.customfieldtypes:textarea
35103,FIX AVAILABILITY(sir),,com.atlassian.jira.plugin.system.customfieldtypes:textarea
37365,Additional Information,,com.atlassian.jira.plugin.system.customfieldtypes:textfield
41461,P0 Presentation link,,com.atlassian.jira.plugin.system.customfieldtypes:url
47774,Requires A11y Func Validation,,com.atlassian.jira.plugin.system.customfieldtypes:select
37366,SF Case,,com.atlassian.jira.plugin.system.customfieldtypes:textfield
37367,Partner/OEM Cases,,com.atlassian.jira.plugin.system.customfieldtypes:textfield
37368,Entry Criteria Cat 1,,com.atlassian.jira.plugin.system.customfieldtypes:select
45560,Vendor RMA Requested,,com.atlassian.jira.plugin.system.customfieldtypes:datetime
37369,Entry Criteria Cat 2,,com.atlassian.jira.plugin.system.customfieldtypes:select
37370,Exit Criteria,,com.atlassian.jira.plugin.system.customfieldtypes:select
45562,Vendor RMA Rejected,,com.atlassian.jira.plugin.system.customfieldtypes:datetime
37371,Tech Team,,com.atlassian.jira.plugin.system.customfieldtypes:textfield
37372,Support Manager,,com.atlassian.jira.plugin.system.customfieldtypes:textfield
45564,Tracking No for Shipped to Vendor/CM,,com.atlassian.jira.plugin.system.customfieldtypes:textfield
37374,Final Status,,com.atlassian.jira.plugin.system.customfieldtypes:textarea
37376,Support feedback,,com.atlassian.jira.plugin.system.customfieldtypes:multiselect
35104,Release Notes(sir),,com.atlassian.jira.plugin.system.customfieldtypes:textarea
35105,New KB/ISB/FA Plan(sir),,com.atlassian.jira.plugin.system.customfieldtypes:multicheckboxes
51862,Does this Ticket have any Code in NuGerrit?,,com.atlassian.jira.plugin.system.customfieldtypes:select
51863,NuGerrit Link,,com.atlassian.jira.plugin.system.customfieldtypes:textfield
47773,Please provide any input data we will need to complete workflows,,com.atlassian.jira.plugin.system.customfieldtypes:textarea
47776,A11y Func Validation Status,,com.atlassian.jira.plugin.system.customfieldtypes:select
47778,CVSS Score,,com.atlassian.jira.plugin.system.customfieldtypes:textfield
47782,Compensating Controls,,com.atlassian.jira.plugin.system.customfieldtypes:textarea
21079,Original Ask Date,Ask date agreed upon creation.,com.atlassian.jira.plugin.system.customfieldtypes:datepicker
12861,# of leads updated,"",com.atlassian.jira.plugin.system.customfieldtypes:float
27367,Comment,,com.atlassian.jira.plugin.system.customfieldtypes:textarea
37063,Feature Flag Name,,com.atlassian.jira.plugin.system.customfieldtypes:textfield
12862,# of records rejected,(e.g. competitor/employees),com.atlassian.jira.plugin.system.customfieldtypes:float
16960,Slack Info,,com.atlassian.jira.plugin.system.customfieldtypes:textarea
21063,Allocation Tag,This represents which budget the team is allocated resources from.,com.atlassian.jira.plugin.system.customfieldtypes:select
21064,HWQUAL Task List,Task list for Qualification,com.atlassian.jira.plugin.system.customfieldtypes:textarea
21066,NX Hardware Platforms,List of hardware platforms HWQUAL applies to.,com.atlassian.jira.plugin.system.customfieldtypes:labels
25162,Objects Oncall,,com.atlassian.jira.plugin.system.customfieldtypes:select
21068,AFS Components,,com.atlassian.jira.plugin.system.customfieldtypes:componentcascadingselect
37460,POC,,com.atlassian.jira.plugin.system.customfieldtypes:select
21077,MFG Imaging Update,Status of Imaging Update in Manufacturing,com.atlassian.jira.plugin.system.customfieldtypes:select
21078,MFG Test Documentation,Status of Test Documentation in MFG,com.atlassian.jira.plugin.system.customfieldtypes:select
35110,Revision(previous),,com.atlassian.jira.plugin.system.customfieldtypes:float
35111,Published(previous),,com.atlassian.jira.plugin.system.customfieldtypes:textfield
41566,"If not, how are your secrets being stored?",,com.atlassian.jira.plugin.system.customfieldtypes:textarea
45663,Fix,,com.atlassian.jira.plugin.system.customfieldtypes:textarea
12960,# of contacts updated,,com.atlassian.jira.plugin.system.customfieldtypes:float
12961,# of leads created,,com.atlassian.jira.plugin.system.customfieldtypes:float
17060,Code Complete,,com.atlassian.jira.plugin.system.customfieldtypes:textfield
21167,afs_version,,com.atlassian.jira.plugin.system.customfieldtypes:textfield
21168,Cluster_Details,*Provide Cluster details if you need PC target to be built.,com.atlassian.jira.plugin.system.customfieldtypes:textfield
30460,Target platform,,com.atlassian.jira.plugin.system.customfieldtypes:multiselect
30461,Sample Date,,com.atlassian.jira.plugin.system.customfieldtypes:datepicker
30462,UAT Due Date,,com.atlassian.jira.plugin.system.customfieldtypes:datepicker
30464,FW version,,com.atlassian.jira.plugin.system.customfieldtypes:version
22467,Demo Video,,com.atlassian.jira.plugin.system.customfieldtypes:select
30868,Finance Approved Date,,com.atlassian.jira.plugin.system.customfieldtypes:datepicker
39761,Rejection Reason,,com.atlassian.jira.plugin.system.customfieldtypes:select
52061,Percent Complete,,com.atlassian.jira.plugin.system.customfieldtypes:float
15262,Date Disclosed,,com.atlassian.jira.plugin.system.customfieldtypes:datepicker
27565,Pass Log Location Link,"Location of the log(s) if it passed earlier, applicable for automated tests. For manual, please describe",com.atlassian.jira.plugin.system.customfieldtypes:url
27566,HAR file location link,Network capture from browser,com.atlassian.jira.plugin.system.customfieldtypes:url
41763,Target Number of nodes deployed,"",com.atlassian.jira.plugin.system.customfieldtypes:textfield
18063,Testcase Required,,com.atlassian.jira.plugin.system.customfieldtypes:multicheckboxes
25732,Security Review Complete,"",com.atlassian.jira.plugin.system.customfieldtypes:select
46270,TLS,,com.atlassian.jira.plugin.system.customfieldtypes:textfield
26260,IPS ( Intel Premier Support),,com.atlassian.jira.plugin.system.customfieldtypes:url
35117,KB / FA / ISB (previous),,com.atlassian.jira.plugin.system.customfieldtypes:textarea
35119,Environment / Trigger(previous),"",com.atlassian.jira.plugin.system.customfieldtypes:textarea
35120,Impact Statement(previous),"",com.atlassian.jira.plugin.system.customfieldtypes:textarea
35124,Identification Automation(previous),,com.atlassian.jira.plugin.system.customfieldtypes:textarea
35126,FA(sir),,com.atlassian.jira.plugin.system.customfieldtypes:textfield
35127,ISB(sir),"",com.atlassian.jira.plugin.system.customfieldtypes:textfield
35128,KB ARTICLES(sir),,com.atlassian.jira.plugin.system.customfieldtypes:textfield
35129,Primary Contacts(sir),,com.atlassian.jira.plugin.system.customfieldtypes:textfield
35130,FA(Previous),,com.atlassian.jira.plugin.system.customfieldtypes:textfield
35131,ISB(previous),,com.atlassian.jira.plugin.system.customfieldtypes:textfield
35132,KB ARTICLES(previous),,com.atlassian.jira.plugin.system.customfieldtypes:textfield
35133,New KB/ISB/FA Plan(previous),,com.atlassian.jira.plugin.system.customfieldtypes:multicheckboxes
35134,OTHER NOTES(previous),,com.atlassian.jira.plugin.system.customfieldtypes:textarea
35765,Discovery(previous),,com.atlassian.jira.plugin.system.customfieldtypes:textfield
35766,NPI Ticket Number,,com.atlassian.jira.plugin.system.customfieldtypes:textfield
42460,Fit-n-Finish Required,,com.atlassian.jira.plugin.system.customfieldtypes:radiobuttons
13860,Rqmnts Done Date,Date when the Requirements was done,com.atlassian.jira.plugin.system.customfieldtypes:datepicker
34360,Sprint Commitment SLA,This field is to know whether sprint commitment is met or not.,com.onresolve.jira.groovy.groovyrunner:scripted-field
34561,P0 users/ Transaction Impacted,How many Users or Transactions were impacted?,com.atlassian.jira.plugin.system.customfieldtypes:textfield
34562,P0 Known Workaround exists?,,com.atlassian.jira.plugin.system.customfieldtypes:select
38660,TSC Repository ID,"",com.atlassian.jira.plugin.system.customfieldtypes:readonlyfield
38768,Project On-Hold Start Date,,com.atlassian.jira.plugin.system.customfieldtypes:datepicker
35118,Issue Signature(previous),"",com.atlassian.jira.plugin.system.customfieldtypes:textarea
35139,FPD Added,"",com.atlassian.jira.plugin.system.customfieldtypes:select
14660,Needed By,When do you need this task done by?,com.atlassian.jira.plugin.system.customfieldtypes:datepicker
18760,System Test Plan Date,,com.atlassian.jira.plugin.system.customfieldtypes:datepicker
18761,System Test Plan Complete?,,com.atlassian.jira.plugin.system.customfieldtypes:radiobuttons
18762,Performance Test Plan Complete?,,com.atlassian.jira.plugin.system.customfieldtypes:radiobuttons
18763,Performance Test Plan Date,,com.atlassian.jira.plugin.system.customfieldtypes:datepicker
52160,A11y Reviewer/s,,com.atlassian.jira.plugin.system.customfieldtypes:multiuserpicker
52161,Content Reviewer/s,,com.atlassian.jira.plugin.system.customfieldtypes:multiuserpicker
23565,Incident,,com.atlassian.jira.plugin.system.customfieldtypes:textfield
35861,Code Review Failed Date,,com.atlassian.jira.plugin.system.customfieldtypes:datetime
39960,Reporting Region,,com.atlassian.jira.plugin.system.customfieldtypes:radiobuttons
35866,FEAT System Test Needed?,,com.atlassian.jira.plugin.system.customfieldtypes:select
43365,Incident Origin,"External = if this has been reported from outside of the company (partner, customer, prospect, etc.) like a customer issue or a POW; 
Internal = if this has not been reported from outside (Migrated on 10 Sep 2022 06:12 UTC)",com.atlassian.jira.plugin.system.customfieldtypes:select
47462,Department Value,"This field is used for automations in between of BA-CFDA please don't delete or change this.
For any queries reach out to Vishnu Bannurkar.",com.atlassian.jira.plugin.system.customfieldtypes:textfield
25727,Integration - ETA for Completion,,com.atlassian.jira.plugin.system.customfieldtypes:datepicker
35860,Code Review Failed Reason,,com.atlassian.jira.plugin.system.customfieldtypes:textarea
30563,SKU in FrontLine/SDFC?,,com.atlassian.jira.plugin.system.customfieldtypes:radiobuttons
14367,GA Date,,com.atlassian.jira.plugin.system.customfieldtypes:datepicker
22560,Pager Duty Service,,com.atlassian.jira.plugin.system.customfieldtypes:textfield
22865,Retrospective Occurred,Was there a retrospective meeting to review the Incident?,com.atlassian.jira.plugin.system.customfieldtypes:radiobuttons
27779,Reason for Not Approved PAT,,com.atlassian.jira.toolkit:message
31064,Tenant UUID,,com.atlassian.jira.plugin.system.customfieldtypes:textfield
31065,DC,,com.atlassian.jira.plugin.system.customfieldtypes:textfield
35162,NPI-Department,,com.atlassian.jira.plugin.system.customfieldtypes:select
31067,Tenant Type,,com.atlassian.jira.plugin.system.customfieldtypes:select
43360,Design Review Slot,,com.atlassian.jira.plugin.system.customfieldtypes:select
43362,Business value,,com.atlassian.jira.plugin.system.customfieldtypes:textarea
43363,Transition Due Date,Transition Due Date based on SLA,com.atlassian.jira.plugin.system.customfieldtypes:datetime
47062,STL Request,,com.atlassian.jira.plugin.system.customfieldtypes:datetime
14764,Diagnosis Performed,,com.atlassian.jira.plugin.system.customfieldtypes:textarea
46460,External Reporter?,,com.atlassian.jira.plugin.system.customfieldtypes:radiobuttons
38663,Tenable CVSSv3 Base Score,,com.atlassian.jira.plugin.system.customfieldtypes:readonlyfield
22482,CSA Category,,com.atlassian.jira.plugin.system.customfieldtypes:select
39061,UX/UI,,com.atlassian.jira.plugin.system.customfieldtypes:select
35075,KB / FA / ISB,,com.atlassian.jira.plugin.system.customfieldtypes:textarea
47464,DS Comp Two,"This Field is used in DS-CFDA Automation, please don't delete it or modify.
For any queries reach out to Vishnu Bannurkar.",com.atlassian.jira.plugin.system.customfieldtypes:textfield
51561,Application Name,,com.atlassian.jira.plugin.system.customfieldtypes:textfield
47465,Your Role and Responsibility,,com.atlassian.jira.plugin.system.customfieldtypes:textarea
43370,Breaches,Number of times a customer issue has breached the transition due date. ,com.atlassian.jira.plugin.system.customfieldtypes:float
47466,Justification for your access/database/dashboard request?,,com.atlassian.jira.plugin.system.customfieldtypes:textarea
14761,Release Date,For BizApps,com.atlassian.jira.plugin.system.customfieldtypes:datepicker
14763,Recreation,,com.atlassian.jira.plugin.system.customfieldtypes:textarea
18860,CustomerAffected Versions,,com.atlassian.jira.plugin.system.customfieldtypes:multiversion
14765,Recreation Method,,com.atlassian.jira.plugin.system.customfieldtypes:textarea
14766,Model Number,For FA Project,com.atlassian.jira.plugin.system.customfieldtypes:select
22960,Tools Support Able to Resolve?,Was support team able to resolve without help?,com.atlassian.jira.plugin.system.customfieldtypes:radiobuttons
22961,Pagerduty Incident?,Was the issue a pagerduty Incident?,com.atlassian.jira.plugin.system.customfieldtypes:radiobuttons
35260,Testcase Recommendation,,com.atlassian.jira.plugin.system.customfieldtypes:textarea
39360,Data Source,"",com.atlassian.jira.plugin.system.customfieldtypes:multiselect
39361,Access Description & Justification,"",com.atlassian.jira.plugin.system.customfieldtypes:textarea
39362,Env,,com.atlassian.jira.plugin.system.customfieldtypes:select
39363,Geo_location,,com.atlassian.jira.plugin.system.customfieldtypes:multiselect
39365,Access Duration,"",com.atlassian.jira.plugin.system.customfieldtypes:select
39366,Others,,com.atlassian.jira.plugin.system.customfieldtypes:textarea
39367,Message Field,"This access request is for sensitive financial data beyond the entitlement of your role. If this request is approved and access is provisioned, please be reminded that stock trading restrictions may be enforced. Please contact Stocks@nutanix.com for clarification.",com.atlassian.jira.toolkit:message
47560,Link to UX,,com.atlassian.jira.plugin.system.customfieldtypes:textfield
47561,Planned BRD Creation Date,,com.atlassian.jira.plugin.system.customfieldtypes:datepicker
10760,Release Version History,The released versions an incomplete issue has been in when it was forwarded to the next sprint,com.pyxis.greenhopper.jira:greenhopper-releasedmultiversionhistory
10764,Epic/Theme,Field that will help you regroup issues under an Epic or under a theme.,com.atlassian.jira.plugin.system.customfieldtypes:labels
10765,Effort Remaining,The estimated number of man-days remaining for the given sub-task.,com.atlassian.jira.plugin.system.customfieldtypes:float
14861,Related FEAT#,,com.atlassian.jira.plugin.system.customfieldtypes:textfield
18961,Migrate to SNOW?,,com.atlassian.jira.plugin.system.customfieldtypes:multicheckboxes
18962,Test Plan Needed?,,com.atlassian.jira.plugin.system.customfieldtypes:select
38682,Tenable Service,,com.atlassian.jira.plugin.system.customfieldtypes:readonlyfield
39073,Weighted Score,,com.atlassian.jira.plugin.system.customfieldtypes:textarea
39074,Ranking,,com.atlassian.jira.plugin.system.customfieldtypes:textarea
18663,PowerEdge HW Platform,,com.atlassian.jira.plugin.system.customfieldtypes:multiselect
18664,Fujitsu HW Platform,,com.atlassian.jira.plugin.system.customfieldtypes:multiselect
22760,Scrum Team,,com.atlassian.jira.plugin.system.customfieldtypes:select
22761,Pager Duty Severity,,com.atlassian.jira.plugin.system.customfieldtypes:select
22764,Pager Duty Urgency,,com.atlassian.jira.plugin.system.customfieldtypes:textfield
26860,Was logs collected?,,com.atlassian.jira.plugin.system.customfieldtypes:select
22765,CS Customer Account,"",com.atlassian.jira.plugin.system.customfieldtypes:multiselect
26861,Was the logs useful for RCA?,,com.atlassian.jira.plugin.system.customfieldtypes:select
22766,Customer Id,,com.atlassian.jira.plugin.system.customfieldtypes:textarea
26862,Xi Cloud Services,,com.atlassian.jira.plugin.system.customfieldtypes:select
22767,Done Options,,com.atlassian.jira.plugin.system.customfieldtypes:select
30960,Feature,,com.atlassian.jira.plugin.system.customfieldtypes:select
23061,Change Plan,,com.atlassian.jira.plugin.system.customfieldtypes:textarea
23062,Validation Plan,,com.atlassian.jira.plugin.system.customfieldtypes:textarea
23063,Rollback Plan,,com.atlassian.jira.plugin.system.customfieldtypes:textarea
23064,Scope of Change,,com.atlassian.jira.plugin.system.customfieldtypes:select
46962,Parent Closure Tag,,com.atlassian.jira.plugin.system.customfieldtypes:select
11361,Verified Version,SW version(s) that QA has verified this bug fix against,com.atlassian.jira.plugin.system.customfieldtypes:multiversion
34964,Solutions Workaround,"",com.atlassian.jira.plugin.system.customfieldtypes:textarea
34965,Solutions Use Case/Example,"",com.atlassian.jira.plugin.system.customfieldtypes:textarea
22771,Developer attempted Troubleshooting?,,com.atlassian.jira.plugin.system.customfieldtypes:select
35125,ORIGIN(Previous),,com.atlassian.jira.plugin.system.customfieldtypes:textarea
23066,CRB Required?,"",com.atlassian.jira.plugin.system.customfieldtypes:radiobuttons
23067,Service Category,,com.atlassian.jira.plugin.system.customfieldtypes:multiselect
23069,Health Check,,com.atlassian.jira.plugin.system.customfieldtypes:select
23070,UAT Planned Start,,com.atlassian.jira.plugin.system.customfieldtypes:datepicker
23071,UAT Planned End,,com.atlassian.jira.plugin.system.customfieldtypes:datepicker
23072,Duplicate Issue Counter,,com.atlassian.jira.plugin.system.customfieldtypes:float
35360,Solutions Gap,"",com.atlassian.jira.plugin.system.customfieldtypes:textarea
47777,A11y Func Validation Doc,,com.atlassian.jira.plugin.system.customfieldtypes:textarea
27774,Activity,,com.atlassian.jira.plugin.system.customfieldtypes:select
40062,RCA Open Date,,com.atlassian.jira.plugin.system.customfieldtypes:datepicker
40063,RCA Completion Date,,com.atlassian.jira.plugin.system.customfieldtypes:datepicker
40064,RCA Author/s,,com.atlassian.jira.plugin.system.customfieldtypes:multiuserpicker
27777,Provisional Application No.,,com.atlassian.jira.plugin.system.customfieldtypes:textfield
40065,RCA Doc link,,com.atlassian.jira.plugin.system.customfieldtypes:textfield
18561,System Test Commit,,com.atlassian.jira.plugin.system.customfieldtypes:select
18563,Business Rank,"",com.atlassian.jira.plugin.system.customfieldtypes:float
14467,Patent/Application Link,,com.atlassian.jira.plugin.system.customfieldtypes:url
22773,Initiated from Slack?,,com.atlassian.jira.plugin.system.customfieldtypes:select
35074,New KB/ISB/FA Plan,Include details in OTHER NOTES for any draft links or SR-ID details to share; use TBD if you are uncertain about what to select or REVIEWED if all relevant selections are set.,com.atlassian.jira.plugin.system.customfieldtypes:multicheckboxes
47362,Technical Program Manager,,com.atlassian.jira.plugin.system.customfieldtypes:userpicker
22863,Troubleshooting Guide Exist,Did the troubleshooting guide exist for the developer to refer to?,com.atlassian.jira.plugin.system.customfieldtypes:radiobuttons
35160,NCR Category,,com.atlassian.jira.plugin.system.customfieldtypes:select
43562,Test Plan Reviewers,"",com.atlassian.jira.plugin.system.customfieldtypes:multiuserpicker
43565,#Sys-Test plan reviewers,,com.atlassian.jira.plugin.system.customfieldtypes:multiuserpicker
23086,Does your measure and alert on the Success Rate of transactions?,,com.atlassian.jira.plugin.system.customfieldtypes:select
23087,Does your service measure and alert on the execution time/latency of transactions?,,com.atlassian.jira.plugin.system.customfieldtypes:select
51760,AHVX Version,,com.atlassian.jira.plugin.system.customfieldtypes:version
23088,Does your service measure and alert on the end point availability from your clients?,,com.atlassian.jira.plugin.system.customfieldtypes:select
23089,Does your service measure/alert when capacity thresholds are exceeded?,,com.atlassian.jira.plugin.system.customfieldtypes:select
30876,Task Due Date,Please provide the task due date.,com.atlassian.jira.plugin.system.customfieldtypes:datepicker
39069,Cost-Saving Impact (over 12 months),,com.atlassian.jira.plugin.system.customfieldtypes:select
47261,Monthly Project Update,,com.atlassian.jira.plugin.system.customfieldtypes:textarea
35089,Archived,,com.atlassian.jira.plugin.system.customfieldtypes:datetime
35091,Case Count (last month),,com.atlassian.jira.plugin.system.customfieldtypes:float
23078,Issue Product,"",com.atlassian.jira.plugin.system.customfieldtypes:select
23092,Link to Threat Model,,com.atlassian.jira.plugin.system.customfieldtypes:url
23093,Threat Model Reviewed and Signed of by Security,,com.atlassian.jira.plugin.system.customfieldtypes:select
23094,Secret Store On-boarding Complete,,com.atlassian.jira.plugin.system.customfieldtypes:select
23095,Xi Okta Integration Complete,,com.atlassian.jira.plugin.system.customfieldtypes:select
23096,List of Service Endpoints,,com.atlassian.jira.plugin.system.customfieldtypes:textarea
23097,Secret Rotation Last Executed,,com.atlassian.jira.plugin.system.customfieldtypes:datepicker
23098,Link to Security Scan Results,,com.atlassian.jira.plugin.system.customfieldtypes:textfield
23099,Service Owner,,com.atlassian.jira.plugin.system.customfieldtypes:userpicker
23101,Service Owner - Executive,,com.atlassian.jira.plugin.system.customfieldtypes:userpicker
23102,Service Criticality,,com.atlassian.jira.plugin.system.customfieldtypes:select
23103,Review Type,,com.atlassian.jira.plugin.system.customfieldtypes:select
23105,UX Done Date,"By checks UX Commit, UX team will provide an estimated Done date.",com.atlassian.jira.plugin.system.customfieldtypes:datepicker
15561,Partner Name,,com.atlassian.jira.plugin.system.customfieldtypes:textfield
35123,Flagged Product Serviceability(previous),"",com.atlassian.jira.plugin.system.customfieldtypes:textarea
14960,Prism/PrismUI Dependency?,"If Yes, Please Provide Prism Dependency Details  ",com.atlassian.jira.plugin.system.customfieldtypes:select
14961,Prism Dependency Details,,com.atlassian.jira.plugin.system.customfieldtypes:textarea
19061,Corrective Action Taken,,com.atlassian.jira.plugin.system.customfieldtypes:multiselect
23171,Justification,Enter your problem statement and justification for your request. Please provide current and proposed process.,com.atlassian.jira.plugin.system.customfieldtypes:textarea
23160,Root Cause Analysis,,com.atlassian.jira.plugin.system.customfieldtypes:select
23161,Defective component,,com.atlassian.jira.plugin.system.customfieldtypes:select
27267,Clusters Oncall,,com.atlassian.jira.plugin.system.customfieldtypes:select
23172,Downtime in Minutes,"Ex:10m, 10min, 10minutes",com.atlassian.jira.plugin.system.customfieldtypes:textfield
27268,Test case required,,com.atlassian.jira.plugin.system.customfieldtypes:select
23173,Documentation Resolution,,com.atlassian.jira.plugin.system.customfieldtypes:select
40271,Opportunity Close Date,,com.atlassian.jira.plugin.system.customfieldtypes:datepicker
27863,DSE customer,,com.atlassian.jira.plugin.system.customfieldtypes:select
40270,Opportunity Name,,com.atlassian.jira.plugin.system.customfieldtypes:textarea
27864,Goal,,com.atlassian.jira.plugin.system.customfieldtypes:textfield
31960,LOB,"",com.atlassian.jira.plugin.system.customfieldtypes:multiselect
31961,P0 Bug Presentation Complete,,com.atlassian.jira.plugin.system.customfieldtypes:multicheckboxes
36063,RMA Number,,com.atlassian.jira.plugin.system.customfieldtypes:textfield
48461,External issue ID,External issue ID created by JIM during import process,com.atlassian.jira.plugin.system.customfieldtypes:textfield
40272,SSM,,com.atlassian.jira.plugin.system.customfieldtypes:userpicker
40274,Contract Term,,com.atlassian.jira.plugin.system.customfieldtypes:float
50166,vTeam Lead,,com.atlassian.jira.plugin.system.customfieldtypes:userpicker
39260,Planned End Date,,com.atlassian.jira.plugin.system.customfieldtypes:datepicker
39261,Platforms Team Sign-off,,com.atlassian.jira.plugin.system.customfieldtypes:select
35165,Removed,,com.atlassian.jira.plugin.system.customfieldtypes:datetime
39262,CDP Team Sign off,,com.atlassian.jira.plugin.system.customfieldtypes:select
39263,DevEx Team Sign off,,com.atlassian.jira.plugin.system.customfieldtypes:select
47779,Likelihood,"",com.atlassian.jira.plugin.system.customfieldtypes:textfield
47780,Risk Assessment,,com.atlassian.jira.plugin.system.customfieldtypes:textfield
47781,Reasoning for Exception,,com.atlassian.jira.plugin.system.customfieldtypes:textarea
47783,Remediation Plan,,com.atlassian.jira.plugin.system.customfieldtypes:textarea
47784,Sponsor,,com.atlassian.jira.plugin.system.customfieldtypes:userpicker
47785,CVE,,com.atlassian.jira.plugin.system.customfieldtypes:textfield
33863,Teams Product,,com.valiantys.jira.plugins.SQLFeed:nfeed-unplugged-customfield-type
15060,Lenovo Hardware Platform,,com.atlassian.jira.plugin.system.customfieldtypes:multiselect
15061,Creation Notifications,,com.atlassian.jira.plugin.system.customfieldtypes:multiuserpicker
27362,List of Fields,"Please provide the list of fields, field types, and field values as required for new Project",com.atlassian.jira.plugin.system.customfieldtypes:textarea
31460,TCMS Link,,com.atlassian.jira.plugin.system.customfieldtypes:url
27365,Symptom,,com.atlassian.jira.plugin.system.customfieldtypes:textarea
27366,Brief Description/Cause,,com.atlassian.jira.plugin.system.customfieldtypes:textarea
32163,Account Manager,,com.atlassian.jira.plugin.system.customfieldtypes:textarea
47772,What setup and credentials should we use to access the front-end UI to perform a11y testing?,,com.atlassian.jira.plugin.system.customfieldtypes:textarea
23365,Security Enhancement?,,com.atlassian.jira.plugin.system.customfieldtypes:select
43368,Product (Inherited),Shows Product inherited from Epic,com.atlassian.jira.plugin.system.customfieldtypes:textfield
39364,Financial Data Type,"",com.atlassian.jira.plugin.system.customfieldtypes:select
23085,Documentation and Training Provided to SRE Support Org,,com.atlassian.jira.plugin.system.customfieldtypes:select
32164,Account SE,,com.atlassian.jira.plugin.system.customfieldtypes:textarea
43566,#Sys-Test doc sign-off status,,com.atlassian.jira.plugin.system.customfieldtypes:select
38694,UX Commit,,com.atlassian.jira.plugin.system.customfieldtypes:radiobuttons
39560,PM Quadrant,,com.atlassian.jira.plugin.system.customfieldtypes:select
23362,HPE DX Hardware Platform,"",com.atlassian.jira.plugin.system.customfieldtypes:multiselect
27460,Affect Calm Version/s,,com.atlassian.jira.plugin.system.customfieldtypes:select
27461,Affect PC Version,,com.atlassian.jira.plugin.system.customfieldtypes:select
35660,NCC,NCC requests (e.g. ENG-12345),com.atlassian.jira.plugin.system.customfieldtypes:textfield
35661,Panacea,Panacea requests (e.g. ENG-12345),com.atlassian.jira.plugin.system.customfieldtypes:textfield
35662,Discovery,Insights discovery requests (e.g. ENG-12345),com.atlassian.jira.plugin.system.customfieldtypes:textfield
35663,NCC / Panacea / Discovery,,com.atlassian.jira.plugin.system.customfieldtypes:textfield
35664,NCC / Panacea / Discovery (previous),,com.atlassian.jira.plugin.system.customfieldtypes:textfield
36260,Supportability CG Review Complete,,com.atlassian.jira.plugin.system.customfieldtypes:select
14365,Inventors,"Start typing to get a list of possible matches.

Reporter must list ALL persons who intellectually contributed to the solution to the problem that was solved (including the Reporter if the Reporter contributed).  ",com.atlassian.jira.plugin.system.customfieldtypes:multiuserpicker
16561,NOS/AOS Version,,com.atlassian.jira.plugin.system.customfieldtypes:multiversion
27564,Fail Log Location Link,"Location of the log(s), must to be available until the issue is resolved. Including product logs, automation logs, any other console logs",com.atlassian.jira.plugin.system.customfieldtypes:url
34063,Dispatch #,,com.atlassian.jira.plugin.system.customfieldtypes:textfield
31068,Factory test completed?,,com.atlassian.jira.plugin.system.customfieldtypes:radiobuttons
43560,#Design doc reviewers,,com.atlassian.jira.plugin.system.customfieldtypes:multiuserpicker
23080,Service Resiliency,,com.atlassian.jira.plugin.system.customfieldtypes:select
35462,FP Dev Build,,com.atlassian.jira.plugin.system.customfieldtypes:url
39762,Reported Again,,com.atlassian.jira.plugin.system.customfieldtypes:select
47962,Issue Count,,com.atlassian.jira.plugin.system.customfieldtypes:float
19360,Panacea Details,,com.atlassian.jira.plugin.system.customfieldtypes:textarea
27560,Setup Details,"Environment where this issue is seen (commit, scale of entities, etc)",com.atlassian.jira.plugin.system.customfieldtypes:textarea
27561,Test Steps,Chronological order of events performed to reproduce the issue,com.atlassian.jira.plugin.system.customfieldtypes:textarea
27562,Reproducible,,com.atlassian.jira.plugin.system.customfieldtypes:select
27563,Triage Info,Initial triage done with existing logs to narrow down the problematic area,com.atlassian.jira.plugin.system.customfieldtypes:textarea
32165,Customer (Management),,com.atlassian.jira.plugin.system.customfieldtypes:textarea
48562,Customer Impacted?,,com.atlassian.jira.plugin.system.customfieldtypes:select
48564,HOT Acct / CAP,,com.atlassian.jira.plugin.system.customfieldtypes:select
45473,Static range,,com.atlassian.jira.plugin.system.customfieldtypes:textfield
14465,Link to Test Plan,,com.atlassian.jira.plugin.system.customfieldtypes:textfield
27372,RCA Bug Type,,com.atlassian.jira.plugin.system.customfieldtypes:select
27568,VD Review,,com.atlassian.jira.plugin.system.customfieldtypes:select
45474,DHCP range,,com.atlassian.jira.plugin.system.customfieldtypes:textfield
22464,Customer Priority,,com.atlassian.jira.plugin.system.customfieldtypes:select
14366,Date of Initial Disclosure,"",com.atlassian.jira.plugin.system.customfieldtypes:datepicker
14373,Feature Labels,Please select the feature(s) which are related to the oncall / eng ticket ie CM- cluster manager.,com.atlassian.jira.plugin.system.customfieldtypes:multiselect
23162,CAR Required,,com.atlassian.jira.plugin.system.customfieldtypes:radiobuttons
31360,Cloud Provider,,com.atlassian.jira.plugin.system.customfieldtypes:select
27264,Elevate Portal Ticket,,com.atlassian.jira.plugin.system.customfieldtypes:textfield
39660,EE Manager,,com.atlassian.jira.plugin.system.customfieldtypes:userpicker
43762,Overall RCA Analysis,,com.atlassian.jira.plugin.system.customfieldtypes:textarea
27567,Screen Recording/Screenshot Link,Screen recording of the workflow which is broken,com.atlassian.jira.plugin.system.customfieldtypes:url
35760,NCC(sir),,com.atlassian.jira.plugin.system.customfieldtypes:textfield
35764,Discovery(sir),,com.atlassian.jira.plugin.system.customfieldtypes:textfield
39860,Project Category,,com.atlassian.jira.plugin.system.customfieldtypes:multiselect
48565,Contextual Background and Detailed Summary of Request and History,,com.atlassian.jira.plugin.system.customfieldtypes:textarea
11760,GUI Done,Expected date when the GUI associated with a feature is unit test and integration test complete,com.atlassian.jira.plugin.system.customfieldtypes:datepicker
40491,Notice File Review,,com.atlassian.jira.plugin.system.customfieldtypes:select
41360,Sub-Component,,com.atlassian.jira.plugin.system.customfieldtypes:select
47771,Please provide any walkthrough or demo recordings or documentation you have,,com.atlassian.jira.plugin.system.customfieldtypes:textarea
14470,Issue Date,,com.atlassian.jira.plugin.system.customfieldtypes:datepicker
15963,Preliminary Analysis,,com.atlassian.jira.plugin.system.customfieldtypes:textarea
43561,#Design doc sign-off status,,com.atlassian.jira.plugin.system.customfieldtypes:select
23081,Target Recovery Time Objective (In Hours),,com.atlassian.jira.plugin.system.customfieldtypes:textfield
35466,FP Release Target,,com.atlassian.jira.plugin.system.customfieldtypes:version
39562,New Dependencies,,com.atlassian.jira.plugin.system.customfieldtypes:textarea
35560,Cloud,,com.atlassian.jira.plugin.system.customfieldtypes:select
27368,Flex Business Fit,,com.atlassian.jira.plugin.system.customfieldtypes:select
27369,Flex Legal Agreement,"",com.atlassian.jira.plugin.system.customfieldtypes:select
35561,Test Name,,com.atlassian.jira.plugin.system.customfieldtypes:textfield
27370,Flex Technical Fit,,com.atlassian.jira.plugin.system.customfieldtypes:select
35562,Story Link,,com.atlassian.jira.plugin.system.customfieldtypes:textfield
35563,Initiative Link,,com.atlassian.jira.plugin.system.customfieldtypes:textfield
43960,Ticket Type,,com.atlassian.jira.plugin.system.customfieldtypes:select
23564,Change Impact,"",com.atlassian.jira.plugin.system.customfieldtypes:textarea
27660,UX Category,For Design Project,com.atlassian.jira.plugin.system.customfieldtypes:cascadingselect
28165,Nutanix Architect,,com.atlassian.jira.plugin.system.customfieldtypes:userpicker
28175,Nutanix SME,,com.atlassian.jira.plugin.system.customfieldtypes:userpicker
20071,Target Hypervisor Type,,com.atlassian.jira.plugin.system.customfieldtypes:select
48161,First response,,com.atlassian.jira.plugin.system.customfieldtypes:datetime
48162,Root cause confirm,,com.atlassian.jira.plugin.system.customfieldtypes:datetime
24360,TechHelp Quality,,com.atlassian.jira.plugin.system.customfieldtypes:multiselect
20075,Xtract Version,,com.atlassian.jira.plugin.system.customfieldtypes:textfield
27160,Next Sprint Commitment,,com.atlassian.jira.plugin.system.customfieldtypes:select
23169,Type,"""-Project, 
-Enhancement
-Enhancement-Bug Fix, 
-Other""",com.atlassian.jira.plugin.system.customfieldtypes:select
27266,Conducted Live Debugging,,com.atlassian.jira.plugin.system.customfieldtypes:multicheckboxes
35460,BOM Googlesheet Link,"",com.atlassian.jira.plugin.system.customfieldtypes:url
39661,Outcome Result,,com.atlassian.jira.plugin.system.customfieldtypes:textarea
35565,vSAN-HW Banner,,com.atlassian.jira.toolkit:message
43760,Justification for No-RCA,,com.atlassian.jira.plugin.system.customfieldtypes:textfield
43761,Corrective Action(s),,com.atlassian.jira.plugin.system.customfieldtypes:multiselect
43961,Review of Scanning Documentation Complete?,,com.atlassian.jira.plugin.system.customfieldtypes:select
26760,Field Rank,,com.atlassian.jira.plugin.system.customfieldtypes:float
43964,Drive Link,copy/paste the Account Gfolder link,com.atlassian.jira.plugin.system.customfieldtypes:textarea
39962,Timeline Metrics,,com.atlassian.jira.plugin.system.customfieldtypes:textarea
39964,Next Action(s),,com.atlassian.jira.plugin.system.customfieldtypes:textarea
44061,Follow The Sun,,com.atlassian.jira.plugin.system.customfieldtypes:multicheckboxes
24361,Testing for SFDC,,com.atlassian.jira.plugin.system.customfieldtypes:textfield
20083,Days in Triage,"",com.onresolve.jira.groovy.groovyrunner:scripted-field
45460,Materials,,com.atlassian.jira.plugin.system.customfieldtypes:select
45461,# of Blocks,,com.atlassian.jira.plugin.system.customfieldtypes:float
13360,Peer Reviewer,,com.atlassian.jira.plugin.system.customfieldtypes:userpicker
23074,Business Program,Select which program(s) your request is most relevant.,com.atlassian.jira.plugin.system.customfieldtypes:multiselect
27363,Did you Attach Diagram of Workflow?,"Please attach Diagram of Workflow for your project before say ""Yes""",com.atlassian.jira.plugin.system.customfieldtypes:select
27364,Hour Estimate,,com.atlassian.jira.plugin.system.customfieldtypes:float
36660,CL,,com.atlassian.jira.plugin.system.customfieldtypes:multiuserpicker
23268,Portal Approval Status,,com.atlassian.jira.plugin.system.customfieldtypes:select
35761,NCC(previous),,com.atlassian.jira.plugin.system.customfieldtypes:textfield
12962,Impact Details,Further information regarding the customer impact beyond what is covered in the Impact field.,com.atlassian.jira.plugin.system.customfieldtypes:textarea
35762,Panacea(sir),,com.atlassian.jira.plugin.system.customfieldtypes:textfield
35763,Panacea(previous),,com.atlassian.jira.plugin.system.customfieldtypes:textfield
27768,VPN,,com.atlassian.jira.plugin.system.customfieldtypes:select
27770,Impact to NTNX Customer?,,com.atlassian.jira.plugin.system.customfieldtypes:select
40060,Design Divergence Reason,"",com.atlassian.jira.plugin.system.customfieldtypes:textarea
12660,Hypervisor,What hypervisor is running on the affected system?,com.atlassian.jira.plugin.system.customfieldtypes:multiselect
27773,Platform,,com.atlassian.jira.plugin.system.customfieldtypes:select
24373,Prism IP,,com.atlassian.jira.plugin.system.customfieldtypes:textfield
32565,Technical Deficiencies,,com.atlassian.jira.plugin.system.customfieldtypes:textarea
24374,SCVMM IP (For the Hyper-V test cases),,com.atlassian.jira.plugin.system.customfieldtypes:textfield
23760,UXUI Required?,"(1)Select ""Yes"" if it requires a UXUI solution. (2)Then move Status to ""Blocked"" to auto-create the UXUI issue link. UXUI required will auto-set to the ""UXUI link created.""",com.atlassian.jira.plugin.system.customfieldtypes:radiobuttons
33861,Teams Project Product,,com.valiantys.jira.plugins.SQLFeed:nfeed-standard-customfield-type
51861,"What is the business, technical or operational need that is driving this feature?",,com.atlassian.jira.plugin.system.customfieldtypes:textarea
39763,Resolution field,,com.atlassian.jira.plugin.system.customfieldtypes:select
43860,Your Function,,com.atlassian.jira.plugin.system.customfieldtypes:select
35862,Target Gate Ready Estimation Date,,com.atlassian.jira.plugin.system.customfieldtypes:datepicker
44860,Is this scan for,Please add comments if 'Other' is selected,com.atlassian.jira.plugin.system.customfieldtypes:select
35867,PRD Complete,,com.atlassian.jira.plugin.system.customfieldtypes:select
40061,Divergence_todelete,"",com.atlassian.jira.plugin.system.customfieldtypes:select
15562,Opportunity Value($),,com.atlassian.jira.plugin.system.customfieldtypes:float
15563,SF Support Request ID,,com.atlassian.jira.plugin.system.customfieldtypes:textfield
19660,Code Reviewers,,com.atlassian.jira.plugin.system.customfieldtypes:multiuserpicker
15565,Public Reference Customer,,com.atlassian.jira.plugin.system.customfieldtypes:radiobuttons
23761,Dev Required?,"""None"" is a default value for NO Dev required. ""Done"" means Dev issue link created.",com.atlassian.jira.plugin.system.customfieldtypes:radiobuttons
27860,SDL Tools Integration Complete,"",com.atlassian.jira.plugin.system.customfieldtypes:select
27861,Security Pent Test,,com.atlassian.jira.plugin.system.customfieldtypes:select
12160,SDET,Software Development Engineer in Test assigned to automate this feature,com.atlassian.jira.plugin.system.customfieldtypes:userpicker
16660,UX File Link,"",com.atlassian.jira.plugin.system.customfieldtypes:textarea
32569,Layout File,,com.atlassian.jira.toolkit:attachments
40267,ACV NC2,,com.atlassian.jira.plugin.system.customfieldtypes:float
40260,ACV Total,,com.atlassian.jira.plugin.system.customfieldtypes:float
23461,System Test Lead,,com.atlassian.jira.plugin.system.customfieldtypes:multiuserpicker
40261,ACV Services,,com.atlassian.jira.plugin.system.customfieldtypes:float
49260,Eng. Owner,"",com.atlassian.jira.plugin.system.customfieldtypes:multiuserpicker
43962,Review the Document,Please Ensure You Have Read the Required Documentation,com.atlassian.jira.toolkit:message
29661,PCN received in email alias,,com.atlassian.jira.plugin.system.customfieldtypes:select
23267,Contract Manufacturer,,com.atlassian.jira.plugin.system.customfieldtypes:textarea
20760,Sprint Commitment,,com.atlassian.jira.plugin.system.customfieldtypes:multiselect
23364,Security Review Status,,com.atlassian.jira.plugin.system.customfieldtypes:select
23363,HW Platform,"",com.atlassian.jira.plugin.system.customfieldtypes:cascadingselect
10267,SFDC Case #,"Sales Force case #, required for all customer found issues",com.atlassian.jira.plugin.system.customfieldtypes:textfield
35865,PRD Engineering Respond Doc Complete,,com.atlassian.jira.plugin.system.customfieldtypes:select
39961,Timeline,,com.atlassian.jira.plugin.system.customfieldtypes:textarea
40160,Public Release Date,,com.atlassian.jira.plugin.system.customfieldtypes:datepicker
40265,ACV NCM,,com.atlassian.jira.plugin.system.customfieldtypes:float
40268,ACV DRaaS,,com.atlassian.jira.plugin.system.customfieldtypes:float
48460,Access End Date,"Access End Date used in CFDA , the value is set based on the access duration using Automation",com.atlassian.jira.plugin.system.customfieldtypes:datepicker
16260,IDF Attached?,Invention is described in sufficient detail to allow prioritization and schedule disclosure to patent counsel.,com.atlassian.jira.plugin.system.customfieldtypes:select
31160,Requested Start Date,,com.atlassian.jira.plugin.system.customfieldtypes:select
33862,Teams Project,,com.valiantys.jira.plugins.SQLFeed:nfeed-unplugged-customfield-type
11561,Alert It?,"Yes: implement system alert in the product to warn of this issue
No: no alert needed
Done: alert implementation complete",com.atlassian.jira.plugin.system.customfieldtypes:select
51361,When is this feature needed?,,com.atlassian.jira.plugin.system.customfieldtypes:datepicker
40275,TCV Services,,com.atlassian.jira.plugin.system.customfieldtypes:float
48361,Response Time (Hrs),calculates the amount of time the ticket has spent in To-Do status,com.onresolve.jira.groovy.groovyrunner:scripted-field
15661,Similar ONCALLs,,com.atlassian.jira.plugin.system.customfieldtypes:textarea
15663,Review Status Completed,,com.atlassian.jira.plugin.system.customfieldtypes:datetime
40266,ACV NDB,,com.atlassian.jira.plugin.system.customfieldtypes:float
15763,Prism Manager,,com.atlassian.jira.plugin.system.customfieldtypes:multiuserpicker
15764,Tech Lead,,com.atlassian.jira.plugin.system.customfieldtypes:multiuserpicker
15769,Requirements,"",com.atlassian.jira.plugin.system.customfieldtypes:url
15770,Workflow/Concept,,com.atlassian.jira.plugin.system.customfieldtypes:url
15771,Mockups,,com.atlassian.jira.plugin.system.customfieldtypes:url
28060,External issue ID,External issue ID created by JIM during import process,com.atlassian.jira.plugin.system.customfieldtypes:textfield
15772,Hi-Fi Designs,,com.atlassian.jira.plugin.system.customfieldtypes:url
28061,Reason ,"",com.atlassian.jira.plugin.system.customfieldtypes:select
32566,Coaching,,com.atlassian.jira.plugin.system.customfieldtypes:textarea
20361,SLA Category,,com.atlassian.jira.plugin.system.customfieldtypes:select
20362,Team,,com.atlassian.teams:rm-teams-custom-field-team
49061,Delivery Engagement Type,,com.atlassian.jira.plugin.system.customfieldtypes:select
45160,Test Case Detail (Manual Testing & Impacted Areas),"",com.atlassian.jira.plugin.system.customfieldtypes:textarea
45462,Reservation Status,,com.atlassian.jira.plugin.system.customfieldtypes:select
45463,Virtualization,,com.atlassian.jira.plugin.system.customfieldtypes:select
45465,Delivered To?,,com.atlassian.jira.plugin.system.customfieldtypes:select
45468,Network Location Preferred,,com.atlassian.jira.plugin.system.customfieldtypes:select
33864,Teams Initiatives,"",com.valiantys.jira.plugins.SQLFeed:nfeed-unplugged-customfield-type
33865,Teams Solution,"",com.valiantys.jira.plugins.SQLFeed:nfeed-unplugged-customfield-type
18572,Approvers,Contains users needed for approval. This custom field was created by JIRA Service Desk.,com.atlassian.jira.plugin.system.customfieldtypes:multiuserpicker
39462,Notification Required?,"",com.atlassian.jira.plugin.system.customfieldtypes:select
40273,SFDC SSM Notes,,com.atlassian.jira.plugin.system.customfieldtypes:textarea
32160,Customer Temperature,,com.atlassian.jira.plugin.system.customfieldtypes:textfield
32161,Support SRE/DSE,,com.atlassian.jira.plugin.system.customfieldtypes:textarea
32162,Account TAM,,com.atlassian.jira.plugin.system.customfieldtypes:textarea
19961,OLD_Salesforce Cases,Read-only custom field storing the ID of the related remote object for the system Salesforce - 2 Case DO NOT DELETE,net.customware.plugins.connector.atlassian.jira-connector-plugin:remotesystem-id-customfield
32260,Sub-Project-Label,,com.atlassian.jira.plugin.system.customfieldtypes:select
36360,vSAN Ready Node,,com.atlassian.jira.plugin.system.customfieldtypes:select
40462,Account Name - Summary,,com.atlassian.jira.plugin.system.customfieldtypes:textfield
28174,Elevate ticket,,com.atlassian.jira.plugin.system.customfieldtypes:url
36366,Estimated Effort,,com.atlassian.jira.plugin.system.customfieldtypes:select
44361,Blackduck Scan,,com.atlassian.jira.plugin.system.customfieldtypes:textarea
50167,Content Reviewer,,com.atlassian.jira.plugin.system.customfieldtypes:userpicker
18165,Contributors,,com.atlassian.jira.plugin.system.customfieldtypes:multiuserpicker
40463,Problem Statement,,com.atlassian.jira.plugin.system.customfieldtypes:textfield
40360,UX Content Review,"",com.atlassian.jira.plugin.system.customfieldtypes:select
39561,Requested SW License or Product,Name of requested SW license or HW product,com.atlassian.jira.plugin.system.customfieldtypes:select
36261,Supportability CG Review Doc Link,,com.atlassian.jira.plugin.system.customfieldtypes:textfield
32166,Customer (Technical),,com.atlassian.jira.plugin.system.customfieldtypes:textarea
36262,Supportability PG Review Complete,"",com.atlassian.jira.plugin.system.customfieldtypes:select
36263,Supportability PG Review Doc Link,,com.atlassian.jira.plugin.system.customfieldtypes:textfield
32167,Vendor/Partner Contacts,"",com.atlassian.jira.plugin.system.customfieldtypes:textarea
48560,Verification,,com.atlassian.jira.plugin.system.customfieldtypes:textarea
48561,Improvement Summary,One or Two-liner describing the issue or opportunity,com.atlassian.jira.plugin.system.customfieldtypes:textfield
48563,Risk to Nutanix,,com.atlassian.jira.plugin.system.customfieldtypes:select
36368,Events Impacting UAT,,com.atlassian.jira.plugin.system.customfieldtypes:multiselect
49062,Partner (If applicable),,com.atlassian.jira.plugin.system.customfieldtypes:textfield
49063,DM Requested,,com.atlassian.jira.plugin.system.customfieldtypes:select
49064,Internal Stakeholders,,com.atlassian.jira.plugin.system.customfieldtypes:textfield
49065,Delivery Resource/Resources,,com.atlassian.jira.plugin.system.customfieldtypes:textfield
49066,CXM,,com.atlassian.jira.plugin.system.customfieldtypes:textfield
49067,Revenue at Risk,,com.atlassian.jira.plugin.system.customfieldtypes:textfield
49068,Delivery Leadership Assistance Requested,,com.atlassian.jira.plugin.system.customfieldtypes:select
40472,Target Release Date,,com.atlassian.jira.plugin.system.customfieldtypes:datepicker
49565,Sign-Off Final Status,,com.onresolve.jira.groovy.groovyrunner:scripted-field
40487,Early Release,,com.atlassian.jira.plugin.system.customfieldtypes:select
40489,AI / ML,,com.atlassian.jira.plugin.system.customfieldtypes:select
15960,Support Type,"",com.atlassian.jira.plugin.system.customfieldtypes:select
50060,Does this Service open any Ports?,,com.atlassian.jira.plugin.system.customfieldtypes:radiobuttons
25664,Progress Against KPIs,,com.atlassian.jira.plugin.system.customfieldtypes:textfield
50960,External issue ID,External issue ID created by JIM during import process,com.atlassian.jira.plugin.system.customfieldtypes:textfield
22565,Escalation Engineer,,com.atlassian.jira.plugin.system.customfieldtypes:multiuserpicker
23176,Customer Account (Other),"",com.atlassian.jira.plugin.system.customfieldtypes:textarea
11164,Use Case,"What goal is the customer trying to achieve? 
How does the requested functionality help the customer?",com.atlassian.jira.plugin.system.customfieldtypes:textarea
11761,Unit Test Done,The date the unit testing will be complete,com.atlassian.jira.plugin.system.customfieldtypes:datepicker
11762,Agave Test Done,The date the Agave testing is complete,com.atlassian.jira.plugin.system.customfieldtypes:datepicker
15860,Severity,"Sev 1: Engineering is down<br>
Sev 2: My team is down<br>
Sev 3: Only me is down",com.atlassian.jira.plugin.system.customfieldtypes:select
28164,Partner TPM,,com.atlassian.jira.plugin.system.customfieldtypes:userpicker
20073,Customer Location,,com.atlassian.jira.plugin.system.customfieldtypes:textarea
32362,Traffic Light,,com.atlassian.jira.plugin.system.customfieldtypes:select
20076,Target Hypervisor Version,,com.atlassian.jira.plugin.system.customfieldtypes:textfield
20080,Source vCenter Version,,com.atlassian.jira.plugin.system.customfieldtypes:textfield
16564,KB/Doc Improvement Owner,,com.atlassian.jira.plugin.system.customfieldtypes:userpicker
45477,Budget Codes,,com.atlassian.jira.plugin.system.customfieldtypes:textfield
25265,Refund Reference #,,com.atlassian.jira.plugin.system.customfieldtypes:textfield
25266,Refund Date,,com.atlassian.jira.plugin.system.customfieldtypes:datepicker
25267,Refund Amount,,com.atlassian.jira.plugin.system.customfieldtypes:float
30865,RA Approval,,com.atlassian.jira.plugin.system.customfieldtypes:select
30867,SOX Requested Date,,com.atlassian.jira.plugin.system.customfieldtypes:datepicker
28166,Partner Architect,,com.atlassian.jira.plugin.system.customfieldtypes:userpicker
28167,Concord link?,,com.atlassian.jira.plugin.system.customfieldtypes:url
28168,Platform ETA,,com.atlassian.jira.plugin.system.customfieldtypes:datepicker
20077,MATCHING-JIRA-TICKET,,com.atlassian.jira.plugin.system.customfieldtypes:textfield
20078,Source Hypervisor Type,"",com.atlassian.jira.plugin.system.customfieldtypes:select
20079,Source Hypervisor Version,,com.atlassian.jira.plugin.system.customfieldtypes:textfield
20171,Eng Release,HWQUAL ENG Release Date,com.atlassian.jira.plugin.system.customfieldtypes:datepicker
20172,Final BOM,HWQUAL Final BOM Date,com.atlassian.jira.plugin.system.customfieldtypes:datepicker
20261,New SKU?,HWQUAL New SKU?,com.atlassian.jira.plugin.system.customfieldtypes:select
20084,Bug Found With?,,com.atlassian.jira.plugin.system.customfieldtypes:select
38761,SaaS Owner,,com.atlassian.jira.plugin.system.customfieldtypes:userpicker
28172,HWLAB ticket linked?,,com.atlassian.jira.plugin.system.customfieldtypes:radiobuttons
36363,UAT start date,The format to be used is dd-mm-yyyy,com.atlassian.jira.plugin.system.customfieldtypes:textfield
40460,Opportunity Status,,com.atlassian.jira.plugin.system.customfieldtypes:select
14469,Non-Prov Filing Date,"",com.atlassian.jira.plugin.system.customfieldtypes:datepicker
36364,UAT end date,The format to be used is dd-mm-yyyy,com.atlassian.jira.plugin.system.customfieldtypes:textfield
36362,Not Applicable Version/s,,com.atlassian.jira.plugin.system.customfieldtypes:multiversion
47461,Sprint Count,This Field calculates he Sprint size/count a ticket is associated with,com.onresolve.jira.groovy.groovyrunner:scripted-field
36361,Entrance Criteria,,com.atlassian.jira.plugin.system.customfieldtypes:select
28169,Vendor Contact,,com.atlassian.jira.plugin.system.customfieldtypes:userpicker
28170,Lab/Rack/Unit Target,,com.atlassian.jira.plugin.system.customfieldtypes:textfield
33469,Checklists,Do not delete. Stores checklist content in a raw text format. Automatically created by Smart Checklist for Jira.,com.atlassian.jira.plugin.system.customfieldtypes:textarea
28171,Node Name,,com.atlassian.jira.plugin.system.customfieldtypes:textfield
28173,Foundation Platforms Target Version,,com.atlassian.jira.plugin.system.customfieldtypes:textfield
36365,Go Live date,The format to be used is dd-mm-yyyy,com.atlassian.jira.plugin.system.customfieldtypes:textfield
24371,X-Ray VM IP,,com.atlassian.jira.plugin.system.customfieldtypes:textfield
40466,What is the requested ETA?,"If you are requesting a review to be completed in less than 2 business days, please provide adequate justification",com.atlassian.jira.plugin.system.customfieldtypes:textarea
40486,SKU,,com.atlassian.jira.plugin.system.customfieldtypes:select
40488,New Product Integration,,com.atlassian.jira.plugin.system.customfieldtypes:select
40467,Ask,"",com.atlassian.jira.plugin.system.customfieldtypes:textarea
20494,Qualification Type,Is this a request to qualify a new component (SSD etc) or a platform?,com.atlassian.jira.plugin.system.customfieldtypes:select
47060,Technical Assistance Description,"",com.atlassian.jira.plugin.system.customfieldtypes:textarea
48360,Is this a Quickwin?,"",com.atlassian.jira.plugin.system.customfieldtypes:select
20495,Applies to single customer?,Can this qualification be applied for any other use case or any of your other customers?,com.atlassian.jira.plugin.system.customfieldtypes:select
12667,Storage Unavailibility,Is the storage unavailable?,com.atlassian.jira.plugin.system.customfieldtypes:select
44560,Release Notes Questionnaire,Kindly answer any or all of the following questions to help document the issue for the users. (Use “Edit” to make changes to existing questionnaire responses),com.atlassian.jira.plugin.system.customfieldtypes:textarea
43367,Transitioned,Captures the datetime of the last transition change in the workflow,com.atlassian.jira.plugin.system.customfieldtypes:datetime
40464,Level of Impact,"",com.atlassian.jira.plugin.system.customfieldtypes:textfield
28176,Test Plan Template,,com.atlassian.jira.plugin.system.customfieldtypes:textarea
40465,*List of cases that need to be reviewed on a technical basis*,,com.atlassian.jira.plugin.system.customfieldtypes:float
36369,Engineering Components,,com.atlassian.jira.plugin.system.customfieldtypes:textfield
36370,Engineering Fix Version,,com.atlassian.jira.plugin.system.customfieldtypes:textfield
32567,Customer Improvements,,com.atlassian.jira.plugin.system.customfieldtypes:textarea
22569,Platform Vendor,,com.atlassian.jira.plugin.system.customfieldtypes:select
20067,Xtract Impact,,com.atlassian.jira.plugin.system.customfieldtypes:select
44362,Nessus Scan,,com.atlassian.jira.plugin.system.customfieldtypes:textarea
15972,ET Due Date,,com.atlassian.jira.plugin.system.customfieldtypes:datepicker
20497,OK to Retrofit?,"Is the customer willing to retrofit the hardware to bring it to spec, should we find deviations from the original spec?",com.atlassian.jira.plugin.system.customfieldtypes:select
20068,Target Details - OS,"Windows Version, Edition",com.atlassian.jira.plugin.system.customfieldtypes:textfield
45464,Configuration,,com.atlassian.jira.plugin.system.customfieldtypes:textarea
23460,UX FnF Review,"",com.atlassian.jira.plugin.system.customfieldtypes:select
14262,FEAT Number,"",com.atlassian.jira.plugin.system.customfieldtypes:labels
15973,ET,"",com.atlassian.jira.plugin.system.customfieldtypes:textfield
45469,Block reference,,com.atlassian.jira.plugin.system.customfieldtypes:textfield
45470,Row,,com.atlassian.jira.plugin.system.customfieldtypes:textfield
45471,Rack,,com.atlassian.jira.plugin.system.customfieldtypes:textfield
33460,Type of SKU,,com.atlassian.jira.plugin.system.customfieldtypes:select
20069,vCenter Version,if applicable,com.atlassian.jira.plugin.system.customfieldtypes:textfield
20070,Target Details - App,"SQL Server Version, Edition",com.atlassian.jira.plugin.system.customfieldtypes:textfield
44660,Support Status,"",com.atlassian.jira.plugin.system.customfieldtypes:cascadingselect
21961,Quarter of Filing,,com.onresolve.jira.groovy.groovyrunner:scripted-field
44686,Clickstream Telemetry,"",com.atlassian.jira.plugin.system.customfieldtypes:select
44685,Clickstream Telemetry Plan Reviewed,,com.atlassian.jira.plugin.system.customfieldtypes:select
39465,UX Pod,"",com.atlassian.jira.plugin.system.customfieldtypes:multiselect
36062,Vendor/CM,,com.atlassian.jira.plugin.system.customfieldtypes:select
20081,Target vCenter Version,,com.atlassian.jira.plugin.system.customfieldtypes:textfield
48760,Meeting Notes,,com.atlassian.jira.plugin.system.customfieldtypes:textarea
23104,UX Resource,"When ""Required"" is selected the user notification will send to design quality control team.",com.atlassian.jira.plugin.system.customfieldtypes:select
44682,Clickstream Telemetry Implemented,"",com.atlassian.jira.plugin.system.customfieldtypes:select
44681,UX A11y Review,"",com.atlassian.jira.plugin.system.customfieldtypes:select
16060,Crystal Hardware Platform,,com.atlassian.jira.plugin.system.customfieldtypes:multiselect
20170,Tech Docs,HWQUAL Tech Docs,com.atlassian.jira.plugin.system.customfieldtypes:select
36560,Project Go/No Go Presentation Link,,com.atlassian.jira.plugin.system.customfieldtypes:textfield
36561,Design Review Details,,com.atlassian.jira.plugin.system.customfieldtypes:textarea
40661,UX Divergence Reason,,com.atlassian.jira.plugin.system.customfieldtypes:textarea
44760,Link to Functional Test Plan,,com.atlassian.jira.plugin.system.customfieldtypes:textfield
12060,issueFunction,Field created by script runner plugin for advanced issue functions. Do not place on any screen.,com.onresolve.jira.groovy.groovyrunner:jqlFunctionsCustomFieldType
39368,Business Justification,"",com.atlassian.jira.plugin.system.customfieldtypes:textarea
16762,Product Release Version,"The product version that will first ship with the disclosed invention. For inventions that are already shipping, please leave this field blank and use the Product Release Date instead.",com.atlassian.jira.plugin.system.customfieldtypes:multiversion
34064,FE Name,,com.atlassian.jira.plugin.system.customfieldtypes:textfield
16161,Reporter Department,,com.atlassian.jira.plugin.system.customfieldtypes:textfield
30271,HW Component,,com.atlassian.jira.plugin.system.customfieldtypes:multiselect
20173,MFG Test,HWQUAL MFG Test Date,com.atlassian.jira.plugin.system.customfieldtypes:datepicker
20174,MFG Release,HWQUAL MFG Release Date,com.atlassian.jira.plugin.system.customfieldtypes:datepicker
20260,Number Of Tests Blocked,"",com.atlassian.jira.plugin.system.customfieldtypes:float
49069,Customer Visibility,,com.atlassian.jira.plugin.system.customfieldtypes:select
49070,PlanHat Link,,com.atlassian.jira.plugin.system.customfieldtypes:textarea
24364,Foundation,,com.atlassian.jira.plugin.system.customfieldtypes:textfield
43361,Business stakeholder,,com.atlassian.jira.plugin.system.customfieldtypes:multiuserpicker
34067,City,,com.atlassian.jira.plugin.system.customfieldtypes:textfield
34068,State,,com.atlassian.jira.plugin.system.customfieldtypes:textfield
22364,Resolution notes,,com.atlassian.jira.plugin.system.customfieldtypes:textarea
12661,Hypervisor Version,"e.g. ""Windows Server 2012 RC2"", ""ESXi 5.5.0 build-1881737"", ""KVM 6.4""",com.atlassian.jira.plugin.system.customfieldtypes:textfield
30069,Eng Component,,com.atlassian.jira.plugin.system.customfieldtypes:multiselect
22260,Error Signature,,com.atlassian.jira.plugin.system.customfieldtypes:textarea
11662,Remote Tunnel Accessible?,,com.atlassian.jira.plugin.system.customfieldtypes:select
16162,Current Support Contact,,com.atlassian.jira.plugin.system.customfieldtypes:userpicker
24362,Metis Version,,com.atlassian.jira.plugin.system.customfieldtypes:textfield
24363,X-Ray Version,,com.atlassian.jira.plugin.system.customfieldtypes:textfield
24370,Metis VM IP,,com.atlassian.jira.plugin.system.customfieldtypes:textfield
32563,Executive Engaged,,com.atlassian.jira.plugin.system.customfieldtypes:textarea
32564,Exit Summary,,com.atlassian.jira.plugin.system.customfieldtypes:textarea
24372,Foundation VM IP,,com.atlassian.jira.plugin.system.customfieldtypes:textfield
32571,Link to System Test Plan,,com.atlassian.jira.plugin.system.customfieldtypes:textfield
48960,Cap+ Report,,com.idalko.jira.plugins.igrid:tableGridCFType
45661,Breakage Fixed By,"",com.atlassian.jira.plugin.system.customfieldtypes:radiobuttons
25263,Original Amount,,com.atlassian.jira.plugin.system.customfieldtypes:float
25264,Requested Adjustment/Refund Amount,"",com.atlassian.jira.plugin.system.customfieldtypes:float
47061,STL Assistance,,com.atlassian.jira.plugin.system.customfieldtypes:multiuserpicker
25161,Last Comment,Returns the last comment on an issue,com.onresolve.jira.groovy.groovyrunner:scripted-field
44260,Progress (Story Point %),"",com.onresolve.jira.groovy.groovyrunner:scripted-field
11166,Company Name,Name of the customer,com.atlassian.jira.plugin.system.customfieldtypes:textfield
24375,Secondary Assignee,,com.atlassian.jira.plugin.system.customfieldtypes:userpicker
32568,Action Items,,com.atlassian.jira.plugin.system.customfieldtypes:textarea
24376,Additional Assignee,,com.atlassian.jira.plugin.system.customfieldtypes:multiuserpicker
32570,QA Due Date,,com.atlassian.jira.plugin.system.customfieldtypes:datepicker
48961,Cap+ Account,,com.atlassian.jira.plugin.system.customfieldtypes:select
49071,ARR Churn Risk,,com.atlassian.jira.plugin.system.customfieldtypes:float
45662,Inventor Full name and Address,,com.idalko.jira.plugins.igrid:tableGridCFType
20465,Service KPIs,"The list of Key Performance Indicators by which the success of the Service will be measured (both on-prem and in Xi)

Example:

Service KPIs (both on-prem and Xi)
1. # of customers leveraging OSS
2. PBs in use.
3. Incidents / month / customer",com.idalko.jira.plugins.igrid:tableGridCFType
22481,Internal/External ?,,com.atlassian.jira.plugin.system.customfieldtypes:select
51162,Salesforce Portal Links,,com.atlassian.jira.plugin.system.customfieldtypes:textarea
12668,# of nodes in a cluster,"",com.atlassian.jira.plugin.system.customfieldtypes:float
22563,NCC Details,,com.atlassian.jira.plugin.system.customfieldtypes:textarea
42860,Open Source Program Office,"Did you review <a href=""https://confluence.eng.nutanix.com:8443/pages/viewpage.action?spaceKey=OSSP&title=Open+Source+Program+Office"">Open Source Program Office Confluence</a>",com.atlassian.jira.plugin.system.customfieldtypes:select
35061,Panacea Report viewed ?,,com.atlassian.jira.plugin.system.customfieldtypes:radiobuttons
25860,ONCALL Screener,Please Choose Region on first dropdown and Screener's name on Second Drop down.,com.atlassian.jira.plugin.system.customfieldtypes:cascadingselect
35062,Reason for No,,com.atlassian.jira.plugin.system.customfieldtypes:select
49072,CX Leadership Assistance Requested,,com.atlassian.jira.plugin.system.customfieldtypes:select
49073,Did you use the Escalation Scorecard?,,com.atlassian.jira.plugin.system.customfieldtypes:select
49074,What was suggested by the escalation scorecard?,,com.atlassian.jira.plugin.system.customfieldtypes:select
49075,RM Request details,,com.atlassian.jira.plugin.system.customfieldtypes:textarea
49076,RM Triaging result,,com.atlassian.jira.plugin.system.customfieldtypes:select
49077,Escalation Scorecard link,,com.atlassian.jira.plugin.system.customfieldtypes:textfield
49078,RM Result details,,com.atlassian.jira.plugin.system.customfieldtypes:textfield
49079,DM Request details,,com.atlassian.jira.plugin.system.customfieldtypes:textarea
42861,Product / Artifact Name,,com.atlassian.jira.plugin.system.customfieldtypes:textfield
43260,Internal Only Use,,com.atlassian.jira.plugin.system.customfieldtypes:select
44461,Legal Review Message,"",com.atlassian.jira.toolkit:message
44462,Legal Release Review Form,,com.atlassian.jira.toolkit:viewmessage
49080,DM Triaging result,,com.atlassian.jira.plugin.system.customfieldtypes:select
49081,DM Result details,,com.atlassian.jira.plugin.system.customfieldtypes:textarea
20461,Why,"Why build the service? E.g. ""Ability to simply and securely collect, store, and analyze their data at a massive scale is a critical need in enterprises in all verticals.""",com.atlassian.jira.plugin.system.customfieldtypes:textarea
20462,Service Team,The service team.,com.atlassian.teams:rm-teams-custom-field-team
20463,Key Features/Differentiators,Key features and/or Differentiators of the Service.,com.idalko.jira.plugins.igrid:tableGridCFType
20464,Object Model,"The Object Model is that ‘what’ of your service. It is the type of ‘thing’ that your service _authoritatively_ manages the lifecycle of. The ‘verbs’ are what can be done to the ‘things’.
Don't include entity types that your service merely interacts with and cannot create and destroy.

Example:
Object Model (Nouns and Verbs)
1. Buckets: CRUD
2. Objects: CRUD, upload, download
3. Access Control Policies: CRUD",com.idalko.jira.plugins.igrid:tableGridCFType
12273,Toolchain folder,Name of the toolchain folder that will contain this OSS,com.atlassian.jira.plugin.system.customfieldtypes:textfield
12274,Bundling Method,How will the software be used in Nutanix product(s)?,com.atlassian.jira.plugin.system.customfieldtypes:radiobuttons
28661,Number of Requests,"",com.onresolve.jira.groovy.groovyrunner:scripted-field
11660,Cluster ID,,com.atlassian.jira.plugin.system.customfieldtypes:textfield
11960,Participants,,com.atlassian.jira.toolkit:participants
13661,Verified Date,Date Field to capture when the Verified Version was updated,com.onresolve.jira.groovy.groovyrunner:scripted-field
27780,Pending Legal Review for PAT project,,com.atlassian.jira.toolkit:message
12260,Dev Plan,"Dev Plan == Development Planning Status

Note: QA Plan and GUI Plan are not included in this item

Example Status':
blank
In Process
Draft Plan Done
Final Plan Done
Planning Done Target Date

Plan includes:
Task list
Schedule
People Resources
Equipment Resources

",com.atlassian.jira.plugin.system.customfieldtypes:multiselect
12261,Proj Kickoff,Editable field for entering Done or target Date date,com.atlassian.jira.plugin.system.customfieldtypes:textfield
12262,Commit Rvw Date,"",com.atlassian.jira.plugin.system.customfieldtypes:textfield
12263,QA Plan,"Resources Committed
Draft Plan Done
Final Plan Done",com.atlassian.jira.plugin.system.customfieldtypes:textfield
12264,GUI Plan,"Workflows/requirements understood
Resources planned
Plan complete",com.atlassian.jira.plugin.system.customfieldtypes:textfield
16360,Prov Filing Date,"",com.atlassian.jira.plugin.system.customfieldtypes:datepicker
12267,License Type,,com.atlassian.jira.plugin.system.customfieldtypes:textfield
20460,Tagline,"The tagline for the service. E.g ""A Global Converged Object Store with Infinite Scale.""",com.atlassian.jira.plugin.system.customfieldtypes:textfield
12269,Software URL,URL from where the OSS is downloaded,com.atlassian.jira.plugin.system.customfieldtypes:url
12270,Licenses URL,List (URL) of the licenses associated with the software and any bundled components,com.atlassian.jira.plugin.system.customfieldtypes:url
20473,Service Name,,com.atlassian.jira.plugin.system.customfieldtypes:select
12282,Customer Commit,"Means that this bug fix has been promised to a particular customer.  Info on the customer, who made the commitment, and why should be entered into a Comment in the bug.",com.atlassian.jira.plugin.system.customfieldtypes:version
12278,Version,"",com.atlassian.jira.plugin.system.customfieldtypes:textfield
10461,[CHART] Date of First Response,"",com.atlassian.jira.ext.charting:firstresponsedate
12281,Dept Mgr,,com.atlassian.jira.plugin.system.customfieldtypes:userpicker
20466,Release Cadence,List at least last two releases and one or two future releases.,com.idalko.jira.plugins.igrid:tableGridCFType
12275,Nutanix Product,"Which Nutanix product will use it? (Foundation, NCC, NOS, Agave, etc)",com.atlassian.jira.plugin.system.customfieldtypes:textfield
28660,Customer Account/s,"",com.atlassian.jira.plugin.system.customfieldtypes:labels
12276,OSS Name,"",com.atlassian.jira.plugin.system.customfieldtypes:textfield
12277,First Software Release,With which release will this OSS start shipping with?,com.atlassian.jira.plugin.system.customfieldtypes:textfield
12279,Part of Distribution,Will this OSS ship to customer?,com.atlassian.jira.plugin.system.customfieldtypes:radiobuttons
20471,Service KPIs Approved,,com.atlassian.jira.plugin.system.customfieldtypes:select
32760,Exit Review Document,,com.atlassian.jira.plugin.system.customfieldtypes:textfield
20472,Object Model Approved,,com.atlassian.jira.plugin.system.customfieldtypes:select
12280,Used as is,Is the OSS used as is or modified?,com.atlassian.jira.plugin.system.customfieldtypes:radiobuttons
32762,Security Architecture Reviewer,,com.atlassian.jira.plugin.system.customfieldtypes:userpicker
20474,Service Details,,com.atlassian.jira.plugin.system.customfieldtypes:textarea
31361,Template Format,"",com.atlassian.jira.plugin.system.customfieldtypes:url
20470,Business Case Approved,,com.atlassian.jira.plugin.system.customfieldtypes:select
32768,Approved,,com.atlassian.jira.plugin.system.customfieldtypes:datepicker
20480,num_ux,Number of UX designers in the Service Team.,com.atlassian.jira.plugin.system.customfieldtypes:float
20481,num_ui,Number of UI engineers in the Service Team.,com.atlassian.jira.plugin.system.customfieldtypes:float
20482,num_qe,Number of Quality Engineers in the Service Team.,com.atlassian.jira.plugin.system.customfieldtypes:float
20483,num_dev_backend,Number of backend (non-UI) developers in the Service Team.,com.atlassian.jira.plugin.system.customfieldtypes:float
45060,Impacted Parties,,com.atlassian.jira.plugin.system.customfieldtypes:textfield
20484,num_tba,Number of people remaining to be assigned (from existing employees) to the Service Team.,com.atlassian.jira.plugin.system.customfieldtypes:float
20485,num_tbh,Number of people remaining to be hired into the Service Team.,com.atlassian.jira.plugin.system.customfieldtypes:float
49161,ACV,"",com.atlassian.jira.plugin.system.customfieldtypes:textfield
20490,Initial Opportunity Value($),"How much is the customer willing to spend for this first purchase to Nutanix? (numerals only, no commas)",com.atlassian.jira.plugin.system.customfieldtypes:float
12365,Found using agave?,Was this bug found by running an agave test?,com.atlassian.jira.plugin.system.customfieldtypes:select
16462,QA Contact Manager(legacy),"",com.atlassian.jira.plugin.system.customfieldtypes:userpicker
20560,Sample Delivery Date,Estimate of Sample Delivery Date,com.atlassian.jira.plugin.system.customfieldtypes:datepicker
20561,Original story points,,com.atlassian.jpo:jpo-custom-field-original-story-points
20562,KB Needed?,"",com.atlassian.jira.plugin.system.customfieldtypes:radiobuttons
20563,KB Details (DevEx to fill in),"",com.atlassian.jira.plugin.system.customfieldtypes:textarea
20564,Test Case ID (QA to fill),"",com.atlassian.jira.plugin.system.customfieldtypes:textarea
49262,Time to First Assigned,,com.onresolve.jira.groovy.groovyrunner:scripted-field
16566,Final Solution,,com.atlassian.jira.plugin.system.customfieldtypes:textarea
20662,Sales Theater,,com.atlassian.jira.plugin.system.customfieldtypes:textfield
20663,Has the HFCL been consulted?,,com.atlassian.jira.plugin.system.customfieldtypes:select
16568,New Bug fix/Improvement Needed?,,com.atlassian.jira.plugin.system.customfieldtypes:select
24760,Primary Author,,com.atlassian.jira.plugin.system.customfieldtypes:userpicker
24761,Secondary Author,,com.atlassian.jira.plugin.system.customfieldtypes:userpicker
24762,Approver,"",com.atlassian.jira.plugin.system.customfieldtypes:userpicker
12474,Bug ID (Secondary),"No validation here, so PLEASE use correct syntax: ENG-xxxx or FEAT-xxxx",com.atlassian.jira.plugin.system.customfieldtypes:textfield
24763,Mock Test Taken By,,com.atlassian.jira.plugin.system.customfieldtypes:userpicker
28860,LOB(old),"",com.atlassian.jira.plugin.system.customfieldtypes:select
28861,Practice,,com.atlassian.jira.plugin.system.customfieldtypes:select
32960,Security Checklist,https://app.levelops.io/#/admin/workitems/details?new=1&project_name=SDL_Release_Review_Request&issue_template_name=security_release_planning&tenant=nutanix.,com.atlassian.jira.plugin.system.customfieldtypes:textfield
37060,Case Count (Histogram),,com.atlassian.jira.plugin.system.customfieldtypes:textarea
41260,SFDC Solutions Assistance,,com.atlassian.jira.plugin.system.customfieldtypes:textfield
20761,Xtract/Xplorer Version (Optional),,com.atlassian.jira.plugin.system.customfieldtypes:textfield
20762,Demo Grid,,com.idalko.jira.plugins.igrid:tableGridCFType
20763,Tenant ID,,com.atlassian.jira.plugin.system.customfieldtypes:textfield
24860,XDCS Service,,com.atlassian.jira.plugin.system.customfieldtypes:select
28960,Deployed Versions,,com.atlassian.jira.plugin.system.customfieldtypes:multiversion
33060,Dev Test Date,"",com.atlassian.jira.plugin.system.customfieldtypes:datepicker
33061,Technical Design Review Required,,com.atlassian.jira.plugin.system.customfieldtypes:select
33062,Technical Design Review Recording,,com.atlassian.jira.plugin.system.customfieldtypes:textarea
33063,CVE Published Date,,com.atlassian.jira.plugin.system.customfieldtypes:datepicker
37160,Improvements Needed,"",com.atlassian.jira.plugin.system.customfieldtypes:textarea
37161,Systemic Issue,,com.atlassian.jira.plugin.system.customfieldtypes:select
49460,Procurement required,,com.atlassian.jira.plugin.system.customfieldtypes:select
49461,Min Capex,,com.atlassian.jira.plugin.system.customfieldtypes:textfield
49462,Engg Materials,,com.atlassian.jira.plugin.system.customfieldtypes:textfield
12662,Hardware Platform,,com.atlassian.jira.plugin.system.customfieldtypes:multiselect
20861,Quotability,HWQUAL Quotability Date,com.atlassian.jira.plugin.system.customfieldtypes:datepicker
16766,Required due to change in System Under Test?,Please use the selection ‘Yes’ if you are changing the test/test lib/test framework code due to change in NOS(System Under Test). Choose No for changes due to general enhancements/bugs etc.,com.atlassian.jira.plugin.system.customfieldtypes:radiobuttons
24960,Tools Primary Component,,com.atlassian.jira.plugin.system.customfieldtypes:componentcascadingselect
49562,Dev Lead Sign-Off,,com.atlassian.jira.plugin.system.customfieldtypes:select
45466,Replacement,,com.atlassian.jira.plugin.system.customfieldtypes:select
49563,Cross-Geo Sign-Off,,com.atlassian.jira.plugin.system.customfieldtypes:select
12769,NCC Scriptable?,Can a check be incorporated into NCC?,com.atlassian.jira.plugin.system.customfieldtypes:select
20961,Opportunity Value for Year($),"",com.atlassian.jira.plugin.system.customfieldtypes:float
12770,Known Issue?,,com.atlassian.jira.plugin.system.customfieldtypes:select
20963,Eng Start Time,"",com.onresolve.jira.groovy.groovyrunner:scripted-field
12771,Linked Documentation,,com.atlassian.jira.plugin.system.customfieldtypes:textarea
25060,Product Version/s,,com.atlassian.jira.plugin.system.customfieldtypes:multiversion
29161,Tech Help Reviewer,,com.atlassian.jira.plugin.system.customfieldtypes:userpicker
29162,Tech Help TimeSpent(Minutes),,com.atlassian.jira.plugin.system.customfieldtypes:float
29163,Tech Help Review Status,,com.atlassian.jira.plugin.system.customfieldtypes:radiobuttons
29164,Panacea report,"""Please provide a link to the location of Panacea report""",com.atlassian.jira.plugin.system.customfieldtypes:textfield
37360,Engagement type,,com.atlassian.jira.plugin.system.customfieldtypes:select
37363,Account Region,,com.atlassian.jira.plugin.system.customfieldtypes:select
33260,Wave,,com.atlassian.jira.plugin.system.customfieldtypes:select
29165,Panacea utilized?,"""Please select Yes if panacea was utilized to resolve this TechHelp (to be used by STLs only)""",com.atlassian.jira.plugin.system.customfieldtypes:radiobuttons
33261,Tenant Type - DC,"",com.atlassian.jira.plugin.system.customfieldtypes:select
37361,Next Action(s),,com.atlassian.jira.plugin.system.customfieldtypes:textfield
37362,Update date,,com.atlassian.jira.plugin.system.customfieldtypes:datepicker
21069,Vendor PCN,Vendor Reference PCN/ECO,com.atlassian.jira.plugin.system.customfieldtypes:textfield
29261,Sample Ordering Completion(days),"",com.onresolve.jira.groovy.groovyrunner:scripted-field
29262,Manufacturing Completion(days),"",com.onresolve.jira.groovy.groovyrunner:scripted-field
21070,PCN Receive Date,Date that PCN was received from vendor to Nutanix.,com.atlassian.jira.plugin.system.customfieldtypes:datepicker
21071,NX ECO Number,Nutanix ECO Number,com.atlassian.jira.plugin.system.customfieldtypes:textfield
33360,Integration Test Plan Date,,com.atlassian.jira.plugin.system.customfieldtypes:datepicker
21072,MFG NX Script Update,"",com.atlassian.jira.plugin.system.customfieldtypes:select
21073,MFG FST Update,Status of FST Update in Manufacturing.,com.atlassian.jira.plugin.system.customfieldtypes:select
21074,MFG UTS Update,Status of UTS update in Manufacturing,com.atlassian.jira.plugin.system.customfieldtypes:select
21075,MFG RMA Update,RMA Update status in Manufacturing,com.atlassian.jira.plugin.system.customfieldtypes:select
21076,MFG SMC Update,Status of SMC Update for Manufacturing,com.atlassian.jira.plugin.system.customfieldtypes:select
17061,Issue Update,,com.atlassian.jira.plugin.system.customfieldtypes:textarea
21160,Branch name,Provide the Branch name you want to create,com.atlassian.jira.plugin.system.customfieldtypes:textfield
21161,Commit_ID,"""Provide the commit id details. Validate the commit id exists in artifacts.eng.nutanix.com""",com.atlassian.jira.plugin.system.customfieldtypes:textfield
21162,Template Branch name,Provide the template branch,com.atlassian.jira.plugin.system.customfieldtypes:textfield
21165,version_number,Provide the version number that needs to be updated in Makefile,com.atlassian.jira.plugin.system.customfieldtypes:textfield
25262,Original Invoice Reference#,,com.atlassian.jira.plugin.system.customfieldtypes:textfield
21166,ncc_version,,com.atlassian.jira.plugin.system.customfieldtypes:textfield
41661,Is FT Added?,,com.atlassian.jira.plugin.system.customfieldtypes:multicheckboxes
41662,External issue ID,External issue ID created by JIM during import process,com.atlassian.jira.plugin.system.customfieldtypes:textfield
33471,Architecture Review Status,,com.atlassian.jira.plugin.system.customfieldtypes:select
45760,Number of Components for review,"",com.atlassian.jira.plugin.system.customfieldtypes:select
13060,Next Milestone,,com.atlassian.jira.plugin.system.customfieldtypes:textfield
17162,Patent Chair,,com.atlassian.jira.plugin.system.customfieldtypes:multiuserpicker
17163,Patent Attorney,,com.atlassian.jira.plugin.system.customfieldtypes:multiuserpicker
21260,jira version,Provide the jira version that needs to be mapped with the branch you are going to create,com.atlassian.jira.plugin.system.customfieldtypes:textfield
21261,Nutest branch Required?,Select if nutest branch is needed,com.atlassian.jira.plugin.system.customfieldtypes:multicheckboxes
21262,Target_Service,Please select the Package/ Target SERVICE needed.,com.atlassian.jira.plugin.system.customfieldtypes:multicheckboxes
21263,Build Type,Select the Build Type if respective Jenkins job is needed,com.atlassian.jira.plugin.system.customfieldtypes:multicheckboxes
25360,Beam App,,com.atlassian.jira.plugin.system.customfieldtypes:select
21264,Nutest_CommitID,Provide the nutest commit ID if nutest branch is required,com.atlassian.jira.plugin.system.customfieldtypes:textfield
25362,Next steps/Internal Notes,,com.atlassian.jira.plugin.system.customfieldtypes:textarea
25365,Business Case - ETA for Completion,,com.atlassian.jira.plugin.system.customfieldtypes:datepicker
25367,Draft PRD Complete,,com.atlassian.jira.plugin.system.customfieldtypes:select
25368,Draft PRD - ETA for Completion,,com.atlassian.jira.plugin.system.customfieldtypes:datepicker
25372,Architectural Feasibility Complete,,com.atlassian.jira.plugin.system.customfieldtypes:select
25373,Architectural Feasibility - ETA for Completion,<h4>Roadmap Gate Exit / Targate Gate Entry</h4>,com.atlassian.jira.plugin.system.customfieldtypes:datepicker
25374,Detailed PRD Complete,,com.atlassian.jira.plugin.system.customfieldtypes:select
25375,Detailed PRD - ETA for Completion,,com.atlassian.jira.plugin.system.customfieldtypes:datepicker
25376,Draft Design Doc Complete,,com.atlassian.jira.plugin.system.customfieldtypes:select
41760,NC2 Specialist,,com.atlassian.jira.plugin.system.customfieldtypes:userpicker
17361,Category,,com.atlassian.jira.plugin.system.customfieldtypes:select
25560,SNOW ID,This is created for integration Jira<->Snow. This custom field holds servicenow system id.,com.atlassian.jira.plugin.system.customfieldtypes:textfield
33662,Logging in as Self or Another User?,,com.atlassian.jira.plugin.system.customfieldtypes:userpicker
37760,Retrospective Presentation Link,,com.atlassian.jira.plugin.system.customfieldtypes:textfield
41860,Third Party Application,,com.atlassian.jira.plugin.system.customfieldtypes:labels
45963,Cost Estimate $,,com.atlassian.jira.plugin.system.customfieldtypes:float
13261,Document Type,,com.atlassian.jira.plugin.system.customfieldtypes:select
17360,Patent Review Status,,com.atlassian.jira.plugin.system.customfieldtypes:select
17363,BizOwners,,com.atlassian.jira.plugin.system.customfieldtypes:userpicker
21460,NEC Platfom,,com.atlassian.jira.plugin.system.customfieldtypes:multiselect
17364,Phases,,com.atlassian.jira.plugin.system.customfieldtypes:select
17365,Schedule Status,,com.atlassian.jira.plugin.system.customfieldtypes:select
17366,Budget,"",com.atlassian.jira.plugin.system.customfieldtypes:select
29660,Entity Type,,com.atlassian.jira.plugin.system.customfieldtypes:textfield
25660,Detailed Design Doc Complete,,com.atlassian.jira.plugin.system.customfieldtypes:select
21560,Issue Category,"",com.atlassian.jira.plugin.system.customfieldtypes:select
17465,Description of Changes,,com.atlassian.jira.plugin.system.customfieldtypes:textarea
21561,Subscription Id / Tenant Id,"",com.atlassian.jira.plugin.system.customfieldtypes:textfield
21562,HITACHI HW Platform,,com.atlassian.jira.plugin.system.customfieldtypes:multiselect
17466,Tests Run,,com.atlassian.jira.plugin.system.customfieldtypes:radiobuttons
21563,DevEx contact,,com.atlassian.jira.plugin.system.customfieldtypes:userpicker
21564,Feature Complete Date,,com.atlassian.jira.plugin.system.customfieldtypes:datepicker
17468,Invention Type,,com.atlassian.jira.plugin.system.customfieldtypes:select
17469,SFDC Campaign ID,,com.atlassian.jira.plugin.system.customfieldtypes:textarea
42060,Affected Count,,com.atlassian.jira.plugin.system.customfieldtypes:float
25676,Service Fundamentals Definition - ETA for Completion,,com.atlassian.jira.plugin.system.customfieldtypes:datepicker
25677,Project Plan Complete,,com.atlassian.jira.plugin.system.customfieldtypes:select
25678,Functional Test Percent Complete,,com.atlassian.jira.plugin.system.customfieldtypes:float
25679,Project Plan - ETA for Completion,,com.atlassian.jira.plugin.system.customfieldtypes:datepicker
46160,Requester Level,,com.atlassian.jira.plugin.system.customfieldtypes:select
25680,Resources Committed,"",com.atlassian.jira.plugin.system.customfieldtypes:select
46161,Deadline Range,,com.atlassian.jira.plugin.system.customfieldtypes:select
25681,Functional Test - ETA for Completion (100%),,com.atlassian.jira.plugin.system.customfieldtypes:datepicker
25682,FEAT Interaction Tests Percent Complete,,com.atlassian.jira.plugin.system.customfieldtypes:float
46162,Required Effort,,com.atlassian.jira.plugin.system.customfieldtypes:select
25683,FEAT Interaction Tests - ETA for Completion (100%),<h4>GA Posted and Released</h4>,com.atlassian.jira.plugin.system.customfieldtypes:datepicker
46164,Escalation Triggers,,com.atlassian.jira.plugin.system.customfieldtypes:textfield
28862,Quality Reviewed,,com.atlassian.jira.plugin.system.customfieldtypes:multicheckboxes
25713,Supportability Test - ETA for Completion,,com.atlassian.jira.plugin.system.customfieldtypes:datepicker
25714,Performance Test - ETA for Completion,,com.atlassian.jira.plugin.system.customfieldtypes:datepicker
25715,Integration Test - ETA for Completion,,com.atlassian.jira.plugin.system.customfieldtypes:datepicker
25716,FEAT System Test - ETA for Completion,,com.atlassian.jira.plugin.system.customfieldtypes:datepicker
25717,FEAT System Test Complete,,com.atlassian.jira.plugin.system.customfieldtypes:select
25718,Integration Test Complete,,com.atlassian.jira.plugin.system.customfieldtypes:select
25719,Performance Test Complete,,com.atlassian.jira.plugin.system.customfieldtypes:select
25720,Supportability Test Complete,,com.atlassian.jira.plugin.system.customfieldtypes:select
25721,Use Case Test Complete,,com.atlassian.jira.plugin.system.customfieldtypes:select
25722,Service Fundamentals Complete,,com.atlassian.jira.plugin.system.customfieldtypes:select
25723,Code - ETA for Completion,,com.atlassian.jira.plugin.system.customfieldtypes:datepicker
25724,Unit Test Complete,,com.atlassian.jira.plugin.system.customfieldtypes:select
25725,Unit Test - ETA for Completion,,com.atlassian.jira.plugin.system.customfieldtypes:datepicker
21660,Inspur HW Platform,"",com.atlassian.jira.plugin.system.customfieldtypes:multiselect
25760,Last Stage Completed,,com.atlassian.jira.plugin.system.customfieldtypes:select
42160,Goals/Objectives,"",com.atlassian.jira.plugin.system.customfieldtypes:textarea
29861,UXFolio Objective,Short description of the overall objective for the initiative,com.atlassian.jira.plugin.system.customfieldtypes:textarea
38060,Issue Type Name,Display's the Issue Type name.,com.onresolve.jira.groovy.groovyrunner:scripted-field
29862,UXFolio Key Result,Acceptance criteria,com.atlassian.jira.plugin.system.customfieldtypes:textarea
29863,UXFolio Issues,Known issue list,com.atlassian.jira.plugin.system.customfieldtypes:textarea
33960,Architecture Reviewer 2,,com.atlassian.jira.plugin.system.customfieldtypes:multiuserpicker
33961,Technical Analysis,"What failed? Why did it fail?

What action items come out of this? Once you have finished creating this RCA, open a new tab, create the relevant Action Item(s), and then link the issues as Children to this RCA.""
",com.atlassian.jira.plugin.system.customfieldtypes:textarea
33962,RCA Meeting Recording,,com.atlassian.jira.plugin.system.customfieldtypes:textarea
38061,Test Impact,,com.atlassian.jira.plugin.system.customfieldtypes:textarea
42161,Reporter Location,"",com.atlassian.jira.plugin.system.customfieldtypes:select
42163,GEO's Impacted-Global,,com.atlassian.jira.plugin.system.customfieldtypes:select
46264,Patroni version,,com.atlassian.jira.plugin.system.customfieldtypes:multiversion
46265,HA Proxy version,,com.atlassian.jira.plugin.system.customfieldtypes:multiversion
13564,PM Priority,,com.atlassian.jira.plugin.system.customfieldtypes:select
46271,Encryption at rest,,com.atlassian.jira.plugin.system.customfieldtypes:textfield
46272,Postmortem Required?,,com.atlassian.jira.plugin.system.customfieldtypes:select
13560,From Version,Product version that a commit needs to be ported *from*,com.atlassian.jira.plugin.system.customfieldtypes:version
13563,CVE Notifications,,com.atlassian.jira.plugin.system.customfieldtypes:multiuserpicker
13565,Dev Commit,,com.atlassian.jira.plugin.system.customfieldtypes:textfield
13566,GUI Commit,,com.atlassian.jira.plugin.system.customfieldtypes:textfield
13567,QA Commit,,com.atlassian.jira.plugin.system.customfieldtypes:textfield
21761,AOS_CHECK_LIST,Select the service type that are provided/created for the particular new branch creation request,com.atlassian.jira.plugin.system.customfieldtypes:multicheckboxes
21763,PC_CHECK_LIST,,com.atlassian.jira.plugin.system.customfieldtypes:multicheckboxes
21764,AFS_CHECK_LIST,,com.atlassian.jira.plugin.system.customfieldtypes:multicheckboxes
21765,NCC_CHECK_LIST,,com.atlassian.jira.plugin.system.customfieldtypes:multicheckboxes
21766,DTECH HW Platform,,com.atlassian.jira.plugin.system.customfieldtypes:multiselect
21767,test_check,,com.atlassian.jira.plugin.system.customfieldtypes:radiobuttons
29961,How was Panacea useful ?,,com.atlassian.jira.plugin.system.customfieldtypes:multiselect
29962,Escalated to Engineering Date,,com.atlassian.jira.plugin.system.customfieldtypes:datepicker
34061,Found in Xray Version,,com.atlassian.jira.plugin.system.customfieldtypes:multiversion
34062,NCR Ref,,com.atlassian.jira.plugin.system.customfieldtypes:textfield
38160,Oncall Relief,,com.atlassian.jira.plugin.system.customfieldtypes:multiselect
34065,NCR Customer,"",com.atlassian.jira.plugin.system.customfieldtypes:textfield
38161,Reason RCA Not done,,com.atlassian.jira.plugin.system.customfieldtypes:multiselect
34066,Country,,com.atlassian.jira.plugin.system.customfieldtypes:textfield
38162,Reason RCA was not done (Additional Notes),,com.atlassian.jira.plugin.system.customfieldtypes:textarea
38163,Components Engaged,,com.atlassian.jira.plugin.system.customfieldtypes:multiselect
42260,Data Sanitized?,,com.atlassian.jira.plugin.system.customfieldtypes:select
38164,Oncall Issue Type,,com.atlassian.jira.plugin.system.customfieldtypes:multiselect
38165,External Key Contact(s),,com.atlassian.jira.plugin.system.customfieldtypes:textfield
38166,Internal Key Contact(s),,com.atlassian.jira.plugin.system.customfieldtypes:textfield
34070,Sub-category,,com.atlassian.jira.plugin.system.customfieldtypes:textfield
46361,Inactive Inventors,This field stores the inactive users of the inventors field in the PAT project,com.atlassian.jira.plugin.system.customfieldtypes:textarea
13662,Integrated Information,,com.atlassian.jira.plugin.system.customfieldtypes:multicheckboxes
13665,Latest Start,Latest start date for this issue [GANTT],com.atlassian.jira.plugin.system.customfieldtypes:datetime
13666,Latest End,Latest end date for this issue [GANTT],com.atlassian.jira.plugin.system.customfieldtypes:datetime
13668,Baseline Start,Start date of baseline for this issue [GANTT],com.atlassian.jira.plugin.system.customfieldtypes:datetime
21860,Intermittent issue?,"",com.atlassian.jira.plugin.system.customfieldtypes:select
13669,Baseline End,End date of baseline for this issue [GANTT],com.atlassian.jira.plugin.system.customfieldtypes:datetime
21861,RCA Required or Not,,com.atlassian.jira.plugin.system.customfieldtypes:select
13670,Velocity %,Optional issue specific velocity (1-100) in percent: max. load percentage of this issue for any assignee [GANTT],com.atlassian.jira.plugin.system.customfieldtypes:float
21863,Branch Info,,com.idalko.jira.plugins.igrid:tableGridCFType
21864,Detailed Event Chronology,,com.idalko.jira.plugins.igrid:tableGridCFType
38361,Support Feedback(Notes),"",com.atlassian.jira.plugin.system.customfieldtypes:textarea
46461,Last Pass Build,,com.atlassian.jira.plugin.system.customfieldtypes:textarea
42366,Current Status / Next Action,,com.atlassian.jira.plugin.system.customfieldtypes:textarea
46462,Tenable Host UUID,,com.atlassian.jira.plugin.system.customfieldtypes:readonlyfield
13760,SF Opportunity URL,"",com.atlassian.jira.plugin.system.customfieldtypes:textfield
21960,Quarter of Created,,com.onresolve.jira.groovy.groovyrunner:scripted-field
26061,Estimated Customer Impact,,com.atlassian.jira.plugin.system.customfieldtypes:textarea
26062,Targeted Fix Date,,com.atlassian.jira.plugin.system.customfieldtypes:datepicker
26063,Planned Phase,,com.atlassian.jira.plugin.system.customfieldtypes:textfield
26064,Live On Staging,,com.atlassian.jira.plugin.system.customfieldtypes:select
30160,Subscription Issue Category,,com.atlassian.jira.plugin.system.customfieldtypes:select
26065,Requirements Doc,,com.atlassian.jira.plugin.system.customfieldtypes:textfield
30161,Subscription-Product,,com.atlassian.jira.plugin.system.customfieldtypes:select
26066,Live in Prod,,com.atlassian.jira.plugin.system.customfieldtypes:select
34260,TH Priority Assistance,"",com.atlassian.jira.plugin.system.customfieldtypes:select
34261,Priority assistance set,,com.atlassian.jira.plugin.system.customfieldtypes:datetime
34262,Priority assistance unset,,com.atlassian.jira.plugin.system.customfieldtypes:datetime
38360,Oncall Test Escape ?,,com.atlassian.jira.plugin.system.customfieldtypes:radiobuttons
46562,User Error,,com.atlassian.jira.plugin.system.customfieldtypes:select
13862,Dev Status,,com.atlassian.jira.plugin.system.customfieldtypes:textfield
46560,SFDC Created Date,,com.atlassian.jira.plugin.system.customfieldtypes:datepicker
25260,Customer Name,,com.atlassian.jira.plugin.system.customfieldtypes:textfield
25261,Original Payment Reference #,,com.atlassian.jira.plugin.system.customfieldtypes:textfield
30285,Process Analysis (Training),"What improvements in training will accelerate troubleshooting next time?

What action items come out of this? Open a new tab, create the relevant Action Item(s), and then link the issues as Children to this RCA.",com.atlassian.jira.plugin.system.customfieldtypes:textarea
30286,Process Analysis (Telemetry/Tooling),"What improvements in telemetry/tooling will accelerate troubleshooting next time?

What action items come out of this? Open a new tab, create the relevant Action Item(s), and then link the issues as Children to this RCA.",com.atlassian.jira.plugin.system.customfieldtypes:textarea
30287,Communication Analysis (Tenant/Sales),"If this was related to tenant provisioning, was there communication with the sales team?",com.atlassian.jira.plugin.system.customfieldtypes:radiobuttons
30288,Communication Analysis (Inform Customer),Were customer(s) informed of the incident at the time they were impacted?,com.atlassian.jira.plugin.system.customfieldtypes:radiobuttons
30289,Communication Analysis (Update Customer),How were customer(s) updated on progress to resolution?,com.atlassian.jira.plugin.system.customfieldtypes:multiselect
13961,Test Plan Status,,com.atlassian.jira.plugin.system.customfieldtypes:textfield
42664,Data Issues Count,,com.atlassian.jira.plugin.system.customfieldtypes:float
46760,Notes,,com.atlassian.jira.plugin.system.customfieldtypes:textarea
42665,Code Defects Count,,com.atlassian.jira.plugin.system.customfieldtypes:float
42666,Data Issues Count,,com.atlassian.jira.plugin.system.customfieldtypes:float
14063,Steps to Reproduce,,com.atlassian.jira.plugin.system.customfieldtypes:textarea
18161,First Response Date,,com.atlassian.jira.plugin.system.customfieldtypes:datetime
18163,Collaboration PI,,com.atlassian.jira.plugin.system.customfieldtypes:textfield
18164,Collaboration Affiliation,,com.atlassian.jira.plugin.system.customfieldtypes:textarea
10000,Flagged,Allows to flag issues with impediments.,com.atlassian.jira.plugin.system.customfieldtypes:multicheckboxes
38672,Tenable Operating System,,com.atlassian.jira.plugin.system.customfieldtypes:readonlyfield
38673,Tenable MS Bulletin,,com.atlassian.jira.plugin.system.customfieldtypes:readonlyfield
38674,Tenable BID,,com.atlassian.jira.plugin.system.customfieldtypes:textarea
38675,Tenable Protocol,,com.atlassian.jira.plugin.system.customfieldtypes:readonlyfield
10004,OS,"",com.atlassian.jira.plugin.system.customfieldtypes:multiselect
38676,Tenable Solution,,com.atlassian.jira.plugin.system.customfieldtypes:readonlyfield
38677,Tenable VPR Score,,com.atlassian.jira.plugin.system.customfieldtypes:readonlyfield
38678,Tenable CVSSv3 Temporal Score,,com.atlassian.jira.plugin.system.customfieldtypes:readonlyfield
38679,Tenable Vulnerability Title,,com.atlassian.jira.plugin.system.customfieldtypes:readonlyfield
38680,Tenable Hostname,,com.atlassian.jira.plugin.system.customfieldtypes:readonlyfield
38681,Tenable Device Type,,com.atlassian.jira.plugin.system.customfieldtypes:readonlyfield
26460,Contact Email Address,Email Address for the Distributor Contact,com.atlassian.jira.plugin.system.customfieldtypes:textfield
26462,Portal Role,Stores the users role from Portal,com.atlassian.jira.plugin.system.customfieldtypes:textfield
26463,Contact Name,Stores users name,com.atlassian.jira.plugin.system.customfieldtypes:textfield
22362,Assignee Department,,com.atlassian.jira.plugin.system.customfieldtypes:select
22363,Add to Sprint Plan,"",com.atlassian.jira.plugin.system.customfieldtypes:multicheckboxes
26461,Integration Error,"Stores Error that occurs in backend integration, used by ETL",com.atlassian.jira.plugin.system.customfieldtypes:textarea
26464,Contact Role,,com.atlassian.jira.plugin.system.customfieldtypes:textfield
38771,Project Hold Comment,,com.atlassian.jira.plugin.system.customfieldtypes:textarea
38772,PMO Project,,com.atlassian.jira.plugin.system.customfieldtypes:select
14260,QA Pass 1 Duration Est,,com.atlassian.jira.plugin.system.customfieldtypes:textfield
14261,QA Pass 1 Done Date,,com.atlassian.jira.plugin.system.customfieldtypes:datepicker
18360,Discoverability,,com.atlassian.jira.plugin.system.customfieldtypes:select
18361,Circumventability,,com.atlassian.jira.plugin.system.customfieldtypes:select
18362,Breadth,,com.atlassian.jira.plugin.system.customfieldtypes:select
18363,Use,"Currently used, or planned to be used, by Nutanix and competitor (2)
Currently used, or planned to be used, by only Nutanix or only a competitor (1)
No current or planned use (0)",com.atlassian.jira.plugin.system.customfieldtypes:select
22460,Huawei HW Platform,,com.atlassian.jira.plugin.system.customfieldtypes:multiselect
22461,Pagerduty Triggered?,,com.atlassian.jira.plugin.system.customfieldtypes:textfield
47064,STL Technical Assistance Requested,,com.atlassian.jira.plugin.system.customfieldtypes:radiobuttons
47063,STL Assignment,,com.atlassian.jira.plugin.system.customfieldtypes:datetime
10260,Effort Estimate,Rough scoping of the amount of development effort to implement (not QA) the feature.,com.atlassian.jira.plugin.system.customfieldtypes:multiselect
10261,Approval Status,Status in the SE / Product approval process,com.atlassian.jira.plugin.system.customfieldtypes:multiselect
10262,Requirements Summary,Critical requirements that Engineering should consider when implementing this feature/improvement.,com.atlassian.jira.plugin.system.customfieldtypes:textarea
10263,Requested Fix Qtr,Field requested quarter that the feature will be available.,com.atlassian.jira.plugin.system.customfieldtypes:multiselect
14360,Actual Start,Date of first work logging for this issue [GANTT],com.atlassian.jira.plugin.system.customfieldtypes:datetime
14361,Actual End,Date of setting this issue to resolved [GANTT],com.atlassian.jira.plugin.system.customfieldtypes:datetime
38960,VD owner,"",com.atlassian.jira.plugin.system.customfieldtypes:userpicker
38961,Automation,,com.atlassian.jira.plugin.system.customfieldtypes:userpicker
34866,Do you want to get Notifications when lease runs out?,,com.atlassian.jira.plugin.system.customfieldtypes:multicheckboxes
43060,RM Requested,,com.atlassian.jira.plugin.system.customfieldtypes:select
43061,Reason for RM Involvement,,com.atlassian.jira.plugin.system.customfieldtypes:textarea
43062,RM Triaging,,com.atlassian.jira.plugin.system.customfieldtypes:select
47160,Completion %,,com.atlassian.jira.plugin.system.customfieldtypes:float
47161,Risks/Actions,,com.atlassian.jira.plugin.system.customfieldtypes:textarea
47162,Project Summary,,com.atlassian.jira.plugin.system.customfieldtypes:textarea
47163,Responsible Organization,,com.atlassian.jira.plugin.system.customfieldtypes:select
18560,System Test Needed?,,com.atlassian.jira.plugin.system.customfieldtypes:select
30861,Scope of Testing,,com.atlassian.jira.plugin.system.customfieldtypes:select
30862,SOX Approval Required,,com.atlassian.jira.plugin.system.customfieldtypes:select
30863,Finance Approval,,com.atlassian.jira.plugin.system.customfieldtypes:select
30864,Reason for Finance Rejection,,com.atlassian.jira.plugin.system.customfieldtypes:textarea
34960,SDCD Inreview User Picker,,com.atlassian.jira.plugin.system.customfieldtypes:userpicker
39077,PM Comment,"",com.atlassian.jira.plugin.system.customfieldtypes:textarea
39075,Effort Level,,com.atlassian.jira.plugin.system.customfieldtypes:select
39076,Impact Level,,com.atlassian.jira.plugin.system.customfieldtypes:select
18660,Test Plan Complete?,"",com.atlassian.jira.plugin.system.customfieldtypes:radiobuttons
18662,HPE HW Platform,,com.atlassian.jira.plugin.system.customfieldtypes:multiselect
35084,First Published,,com.atlassian.jira.plugin.system.customfieldtypes:datetime
35114,Impact Type(previous),"",com.atlassian.jira.plugin.system.customfieldtypes:textarea
35115,Primary Reference(previous),,com.atlassian.jira.plugin.system.customfieldtypes:textfield
22866,Incident Runbook Created,Was a runbook created for the Incident?,com.atlassian.jira.plugin.system.customfieldtypes:radiobuttons
31060,TestCase,"",com.atlassian.jira.plugin.system.customfieldtypes:textarea
31061,Incident Type,,com.atlassian.jira.plugin.system.customfieldtypes:select
31062,Functional Area,,com.atlassian.jira.plugin.system.customfieldtypes:select
31063,Tenant Name,,com.atlassian.jira.plugin.system.customfieldtypes:textfield
43374,QA Status(D2IQ),,com.atlassian.jira.plugin.system.customfieldtypes:select
43375,Eng Team (Inherited),Field for subtasks to inherit new team field from parent issue,com.atlassian.jira.plugin.system.customfieldtypes:textfield
43377,Start date,Allows the planned start date for a piece of work to be set.,com.atlassian.jira.plugin.system.customfieldtypes:datepicker
10660,TimeSpent (Hrs),Enter the time spent (Hrs) working on the ticket. ,com.atlassian.jira.plugin.system.customfieldtypes:select
14760,CPDB_Notifications,Only for Notifications Purpose,com.atlassian.jira.plugin.system.customfieldtypes:multiuserpicker
18960,Cloud Region,Xi Region incident is is located,com.atlassian.jira.plugin.system.customfieldtypes:select
23083,Partner/Dependency Escalation Playbook Link,,com.atlassian.jira.plugin.system.customfieldtypes:textfield
43564,#Test doc sign-off status,,com.atlassian.jira.plugin.system.customfieldtypes:select
47660,Additional Assistance,,com.atlassian.jira.plugin.system.customfieldtypes:multiuserpicker
23084,Is critical data backed up outside of the AZ/Cell?,,com.atlassian.jira.plugin.system.customfieldtypes:select
23167,Business Priority,"""Select your priority.  

Remember, If you are considering selecting 'Critical' -  unless there is a hard deadline (ie: acquisition,  compliance related, etc.), please re-consider selecting 'Critical'""",com.atlassian.jira.plugin.system.customfieldtypes:select
23163,Desired Prod Timing,Select your desired production Timing,com.atlassian.jira.plugin.system.customfieldtypes:select
27260,Foundation-Version,,com.atlassian.jira.plugin.system.customfieldtypes:textfield
27261,AOS-Version,,com.atlassian.jira.plugin.system.customfieldtypes:textfield
23165,Functional Area Impacted,Select functional area(s) in which your request will be impacting.,com.atlassian.jira.plugin.system.customfieldtypes:multiselect
23166,Entity Impact,Select the entity(ies) which would be impacted by your request,com.atlassian.jira.plugin.system.customfieldtypes:multiselect
23168,Benefits / Expected Time/Cost Savings,Benefits / Expected Time Savings,com.atlassian.jira.plugin.system.customfieldtypes:textarea
47770,What workflows/screens need to be validated,,com.atlassian.jira.plugin.system.customfieldtypes:textarea
35467,AOS Release Target,,com.atlassian.jira.plugin.system.customfieldtypes:version
23179,Justification( Business/Technical),"",com.atlassian.jira.plugin.system.customfieldtypes:textarea
43662,Discovery Details,"Whenever the Discover needed is set to ""Yes"" This field will auto populate with default text in it.",com.atlassian.jira.plugin.system.customfieldtypes:textarea
47762,Previous Reported for Task/Feature Issues,,com.atlassian.jira.plugin.system.customfieldtypes:textarea
47763,Worksheet Names,,com.atlassian.jira.plugin.system.customfieldtypes:labels
47764,Data Source Name,,com.atlassian.jira.plugin.system.customfieldtypes:labels
47765,Dashboard Name,,com.atlassian.jira.plugin.system.customfieldtypes:labels
47769,Workbook Name,,com.atlassian.jira.plugin.system.customfieldtypes:textfield
10960,Fix By,,com.atlassian.jira.plugin.system.customfieldtypes:select
23260,Netsuite Sales Order Number,,com.atlassian.jira.plugin.system.customfieldtypes:textfield
23261,Netsuite Purchase Order Number,,com.atlassian.jira.plugin.system.customfieldtypes:textfield
23263,Distributor Name,,com.atlassian.jira.plugin.system.customfieldtypes:textfield
23264,Distributor Id,,com.atlassian.jira.plugin.system.customfieldtypes:textfield
23265,Netsuite transaction Id,,com.atlassian.jira.plugin.system.customfieldtypes:textfield
23262,Request Date,,com.atlassian.jira.plugin.system.customfieldtypes:datepicker
27361,List of Issue Types,"Please Provide the list of issue type for New Project (Eg: Bug, improvement, Epic)",com.atlassian.jira.plugin.system.customfieldtypes:textarea
23266,Order Id,,com.atlassian.jira.plugin.system.customfieldtypes:textfield
11061,Release Commit,"Committed: engineering is willing to sign in blood that the feature will be delivered. This means we have done our homework, have a design, understand scope, have identified dev and test owners etc.
Stretch: we do not expect this feature to make the release, but may make it if it turns out to be simpler than expected, resource free up etc.
No Commit: we have to do our homework to assign a state.
Undefined: we have to do our homework to assign a state.",com.atlassian.jira.plugin.system.customfieldtypes:select
11065,Test Lead,QA Engineer responsible for this feature,com.atlassian.jira.plugin.system.customfieldtypes:multiuserpicker
15161,Useful?,"",com.atlassian.jira.plugin.system.customfieldtypes:select
15162,Feature Request?,,com.atlassian.jira.plugin.system.customfieldtypes:select
15164,HRIS Request Type,,com.atlassian.jira.plugin.system.customfieldtypes:select
11068,Test Plan Date,Expected date for completing the Test Plan,com.atlassian.jira.plugin.system.customfieldtypes:datepicker
15165,Date Allowed,"",com.atlassian.jira.plugin.system.customfieldtypes:datepicker
11070,Test Complete Date,Expected date for completing tests,com.atlassian.jira.plugin.system.customfieldtypes:datepicker
11073,Rqmnts,Are the requirements ready?,com.atlassian.jira.plugin.system.customfieldtypes:select
11074,FS/DS,Are the design documents done?,com.atlassian.jira.plugin.system.customfieldtypes:select
47963,Account Region,,com.atlassian.jira.plugin.system.customfieldtypes:textfield
43963,Review the Scanning Documentation,,com.atlassian.jira.toolkit:viewmessage
47964,Billing Latitude,,com.atlassian.jira.plugin.system.customfieldtypes:float
47965,Billing Longitude,,com.atlassian.jira.plugin.system.customfieldtypes:float
47967,SFDC Account ID,,com.atlassian.jira.plugin.system.customfieldtypes:textfield
11162,Revenue Opportunity,,com.atlassian.jira.plugin.system.customfieldtypes:float
15360,Internal ENG Notes,,com.atlassian.jira.plugin.system.customfieldtypes:textarea
43966,Account Subregion/Country,,com.atlassian.jira.plugin.system.customfieldtypes:textarea
48063,Tested with Feature Flag Off,,com.atlassian.jira.plugin.system.customfieldtypes:radiobuttons
15361,Reclassification Status,,com.atlassian.jira.plugin.system.customfieldtypes:multicheckboxes
19460,PI Components,"",com.atlassian.jira.plugin.system.customfieldtypes:componentcascadingselect
19461,Process Category,,com.atlassian.jira.plugin.system.customfieldtypes:select
19464,Requestor Role,"",com.atlassian.jira.plugin.system.customfieldtypes:select
23560,Risk Indicator,<a href=https://www.nutanix.com/>Learn More</a>,com.atlassian.jira.plugin.system.customfieldtypes:select
19465,Dell Hardware Platform,,com.atlassian.jira.plugin.system.customfieldtypes:multiselect
19466,Wireframe design URL,,com.atlassian.jira.plugin.system.customfieldtypes:textfield
23563,UX Fit&Finish Review Doc Link,,com.atlassian.jira.plugin.system.customfieldtypes:url
27764,Program Mgr,,com.atlassian.jira.plugin.system.customfieldtypes:userpicker
48163,Action plan defined,,com.atlassian.jira.plugin.system.customfieldtypes:datetime
19560,Hardware Component,HWQUAL / HW QUAL: Used by Hardware Qualification to specify the type of component being qualified.,com.atlassian.jira.plugin.system.customfieldtypes:select
23660,Customer Contact,,com.atlassian.jira.plugin.system.customfieldtypes:textarea
23661,SMCE  Hardware Platform,"",com.atlassian.jira.plugin.system.customfieldtypes:multiselect
31860,Hot Account Justification,,com.atlassian.jira.plugin.system.customfieldtypes:textarea
27765,OVH HW Platform,,com.atlassian.jira.plugin.system.customfieldtypes:select
31861,SFDC Case Numbers,,com.atlassian.jira.plugin.system.customfieldtypes:textarea
31862,Cases Status,,com.atlassian.jira.plugin.system.customfieldtypes:textarea
27766,XSS Name,XI Sales Specialist Name,com.atlassian.jira.plugin.system.customfieldtypes:textfield
27767,DC Region,,com.atlassian.jira.plugin.system.customfieldtypes:select
35960,Is there a match to Nutanix-ready List?,,com.atlassian.jira.plugin.system.customfieldtypes:select
27778,Detectability of Copying,"If your new idea was copied by someone else, how could Nutanix detect their use of the invention?  Explain how and why use of the invention could be detected, or why detection of use of the invention would be only partial or impossible without inside non-public information.  For instance, would the copier typically describe the workings of a feature utilizing the invention in a customer manual? Why? If yes, what would be described? Or, would testing of the copier’s commercial product show use of the invention? If yes, why and what tests should be done? Or, would use of the idea require access to non-public information, e.g., the copier’s source code or access to a user’s data center? If yes, why?",com.atlassian.jira.plugin.system.customfieldtypes:textarea
40066,RCA Reviewer,,com.atlassian.jira.plugin.system.customfieldtypes:multiuserpicker
40067,RCA Status,,com.atlassian.jira.plugin.system.customfieldtypes:select
48260,Issue Sub-Category,,com.atlassian.jira.plugin.system.customfieldtypes:select
48261,Tenable WASC Reference,,com.atlassian.jira.plugin.system.customfieldtypes:labels
48262,Tenable Target URL,,com.atlassian.jira.plugin.system.customfieldtypes:url
15662,Cisco Hardware Platform,,com.atlassian.jira.plugin.system.customfieldtypes:multiselect
19760,VD design URL,,com.atlassian.jira.plugin.system.customfieldtypes:url
19761,Zorro,,com.atlassian.jira.plugin.system.customfieldtypes:radiobuttons
27960,Environment details,"Setup details - HW Model, release, commit, workloads running on cluster etc. If available share host IPs, cvm IPs for debugging",com.atlassian.jira.plugin.system.customfieldtypes:textarea
32060,Solution Type,,com.atlassian.jira.plugin.system.customfieldtypes:select
36160,Code/UT Done,,com.atlassian.jira.plugin.system.customfieldtypes:select
36161,FS/DS Done,,com.atlassian.jira.plugin.system.customfieldtypes:select
36162,Is gov-deployment-required,,com.atlassian.jira.plugin.system.customfieldtypes:select
36163,ticket Id,,com.atlassian.jira.plugin.system.customfieldtypes:textfield
36165,Rejected By,,com.atlassian.jira.plugin.system.customfieldtypes:select
40262,ACV EUC,,com.atlassian.jira.plugin.system.customfieldtypes:float
36166,Rejected Reason,,com.atlassian.jira.plugin.system.customfieldtypes:textarea
40263,ACV NCI,,com.atlassian.jira.plugin.system.customfieldtypes:float
44360,OSS File,,com.atlassian.jira.plugin.system.customfieldtypes:textfield
15760,PM,,com.atlassian.jira.plugin.system.customfieldtypes:multiuserpicker
15761,UX,,com.atlassian.jira.plugin.system.customfieldtypes:multiuserpicker
15762,Designer,,com.atlassian.jira.plugin.system.customfieldtypes:multiuserpicker
28161,Platform Model,,com.atlassian.jira.plugin.system.customfieldtypes:textfield
28162,PRD Link,,com.atlassian.jira.plugin.system.customfieldtypes:url
28163,Nutanix TPM,,com.atlassian.jira.plugin.system.customfieldtypes:userpicker
48660,Maturity Target Stage,,com.atlassian.jira.plugin.system.customfieldtypes:select
40469,Requestor,,com.atlassian.jira.plugin.system.customfieldtypes:textarea
40475,Personal Data Retention Change,,com.atlassian.jira.plugin.system.customfieldtypes:select
40477,Machine Data Retention Change,,com.atlassian.jira.plugin.system.customfieldtypes:select
40478,Access by Nutanix,,com.atlassian.jira.plugin.system.customfieldtypes:select
40479,Pulse Utilization,,com.atlassian.jira.plugin.system.customfieldtypes:select
40481,Vendor Name(s),,com.atlassian.jira.plugin.system.customfieldtypes:textarea
40482,Vendor Personal Data Sharing,,com.atlassian.jira.plugin.system.customfieldtypes:select
40492,Trade Compliance – Cryptographic Components,,com.atlassian.jira.plugin.system.customfieldtypes:select
15962,Migrated to SN?,,com.atlassian.jira.plugin.system.customfieldtypes:multicheckboxes
15964,End Date,,com.atlassian.jira.plugin.system.customfieldtypes:datepicker
20060,Xtract Oncall Screener,,com.atlassian.jira.plugin.system.customfieldtypes:userpicker
15965,IT Components,,com.atlassian.jira.plugin.system.customfieldtypes:componentcascadingselect
20061,Type of Xtract,,com.atlassian.jira.plugin.system.customfieldtypes:select
15966,Complexity(Not used),"",com.atlassian.jira.plugin.system.customfieldtypes:select
15967,ONCALL Screener(Deprecated),"",com.atlassian.jira.plugin.system.customfieldtypes:select
20063,SQL Server Cluster Type,,com.atlassian.jira.plugin.system.customfieldtypes:select
20064,Customer Details,,com.atlassian.jira.plugin.system.customfieldtypes:textarea
24160,backup_Salesforce ,new field,net.customware.plugins.connector.atlassian.jira-connector-plugin:remotesystem-id-customfield
15969,Prism UI,,com.atlassian.jira.plugin.system.customfieldtypes:multiuserpicker
20065,Source Details - OS,"OS Version, Edition",com.atlassian.jira.plugin.system.customfieldtypes:textfield
15970,Prism Backend,,com.atlassian.jira.plugin.system.customfieldtypes:multiuserpicker
20066,Source Details - App,"SQL Server Version, Edition",com.atlassian.jira.plugin.system.customfieldtypes:textfield
15971,V-Team Members,,com.atlassian.jira.plugin.system.customfieldtypes:multiuserpicker
16061,Security Approved?,,com.atlassian.jira.plugin.system.customfieldtypes:select
20165,AOS Version,HWQUAL AOS Version,com.atlassian.jira.plugin.system.customfieldtypes:multiversion
20166,NCC Version,HWQUAL NCC Version,com.atlassian.jira.plugin.system.customfieldtypes:multiversion
20160,Type of Request,SWOQUAL Component or platform?,com.atlassian.jira.plugin.system.customfieldtypes:select
20162,Manufacturing Sign-Off,HWQUAL Manufacturing Sign-Off,com.atlassian.jira.plugin.system.customfieldtypes:select
28360,ENG Qual Completion(days),"",com.onresolve.jira.groovy.groovyrunner:scripted-field
24260,VD Required?,"""None"" is a default value for NO VD required. ""Done"" means VD issue link created.",com.atlassian.jira.plugin.system.customfieldtypes:radiobuttons
28361,Engineering Sign-Off Date,,com.atlassian.jira.plugin.system.customfieldtypes:datepicker
20169,Manufacturing Test,HWQUAL Manufacturing Test,com.atlassian.jira.plugin.system.customfieldtypes:select
28460,UX Co-Owner/s,"",com.atlassian.jira.plugin.system.customfieldtypes:multiuserpicker
24365,AOS,,com.atlassian.jira.plugin.system.customfieldtypes:textfield
28461,Security Testing Complete,"",com.atlassian.jira.plugin.system.customfieldtypes:select
24367,Which Platform used for qual?,,com.atlassian.jira.plugin.system.customfieldtypes:textfield
24368,Which Test case(s) failed?,,com.atlassian.jira.plugin.system.customfieldtypes:textfield
24369,After Triage - Does the problem appear to be a bug in?,,com.atlassian.jira.plugin.system.customfieldtypes:select
32561,Customer Geo,,com.atlassian.jira.plugin.system.customfieldtypes:textarea
32562,CCN Link,,com.atlassian.jira.plugin.system.customfieldtypes:textarea
24461,RCA Category,,com.atlassian.jira.plugin.system.customfieldtypes:select
28560,Code Review,,com.atlassian.jira.plugin.system.customfieldtypes:radiobuttons
32660,Current DC,,com.atlassian.jira.plugin.system.customfieldtypes:select
32661,Target DC,,com.atlassian.jira.plugin.system.customfieldtypes:select
32662,VPN type,,com.atlassian.jira.plugin.system.customfieldtypes:select
49060,Kantata Project Link,,com.atlassian.jira.plugin.system.customfieldtypes:textarea
12265,Agave Plan,"Agave Plan == Automation Plan

Design/Reqmnts/Workflows understood
Resources allocated
Task list and schedule done",com.atlassian.jira.plugin.system.customfieldtypes:textfield
12266,Contingency Plan,"None
In progress
Done",com.atlassian.jira.plugin.system.customfieldtypes:textfield
18260,Code Reviewer,,com.atlassian.jira.plugin.system.customfieldtypes:userpicker
12283,MATCHING-ENG-TICKET,Did the OnCall ticket match any existing Eng ticket?,com.atlassian.jira.plugin.system.customfieldtypes:textfield
32763,Tools Integration Result link,,com.atlassian.jira.plugin.system.customfieldtypes:textfield
32764,PRD Sign-off,,com.atlassian.jira.plugin.system.customfieldtypes:datepicker
12284,Workaround used,,com.atlassian.jira.plugin.system.customfieldtypes:textarea
32765,Hardware Readiness,,com.atlassian.jira.plugin.system.customfieldtypes:datepicker
32766,Enablement Complete,,com.atlassian.jira.plugin.system.customfieldtypes:datepicker
20478,num_lead,Number of leads in the Service Team.,com.atlassian.jira.plugin.system.customfieldtypes:float
32767,Qualification Complete,,com.atlassian.jira.plugin.system.customfieldtypes:datepicker
20479,num_pm,Number of PMs in the Service Team.,com.atlassian.jira.plugin.system.customfieldtypes:float
12674,Corrective Action(s) Completed?,,com.atlassian.jira.plugin.system.customfieldtypes:radiobuttons
27775,Patent No.,,com.atlassian.jira.plugin.system.customfieldtypes:textfield
27776,Non-Provisional Application No.,,com.atlassian.jira.plugin.system.customfieldtypes:textfield
45561,Vendor RMA Approved,,com.atlassian.jira.plugin.system.customfieldtypes:datetime
45563,Shipped to Vendor,,com.atlassian.jira.plugin.system.customfieldtypes:datetime
15062,FA-Reference,Read-only custom field storing the ID of the related remote object for the system Salesforce - 2 Failure_Analysis__c DO NOT DELETE,net.customware.plugins.connector.atlassian.jira-connector-plugin:remotesystem-id-customfield
36060,Received SN,,com.atlassian.jira.plugin.system.customfieldtypes:textfield
36061,Received Qty,,com.atlassian.jira.plugin.system.customfieldtypes:textfield
36064,HW Physical Location,,com.atlassian.jira.plugin.system.customfieldtypes:select
16663,Location of Collected Logs,,com.atlassian.jira.plugin.system.customfieldtypes:textarea
20862,Support Tech Lead,,com.atlassian.jira.plugin.system.customfieldtypes:userpicker
19160,First SFDC Date,,com.atlassian.jira.plugin.system.customfieldtypes:datetime
45961,Breaking Changes,,com.atlassian.jira.plugin.system.customfieldtypes:multicheckboxes
47767,Source/Upgrade From,"",com.atlassian.jira.plugin.system.customfieldtypes:multiversion
47768,Destination/Upgrade To,,com.atlassian.jira.plugin.system.customfieldtypes:multiversion
28260,Is Data Change Only,,com.atlassian.jira.plugin.system.customfieldtypes:radiobuttons
20664,Server Vendor,,com.atlassian.jira.plugin.system.customfieldtypes:select
35113,Latest Update,"",com.atlassian.jira.plugin.system.customfieldtypes:textarea
40474,Personal Data Processing,"",com.atlassian.jira.plugin.system.customfieldtypes:select
40476,Machine Data Processing,"",com.atlassian.jira.plugin.system.customfieldtypes:select
40480,New Vendors,,com.atlassian.jira.plugin.system.customfieldtypes:select
40483,New Processing Locations,,com.atlassian.jira.plugin.system.customfieldtypes:select
40484,European Data Transfers,,com.atlassian.jira.plugin.system.customfieldtypes:select
40485,Customer Data Security,,com.atlassian.jira.plugin.system.customfieldtypes:select
30064,Actual Story Points,,com.atlassian.jira.plugin.system.customfieldtypes:textfield
27060,Business Objectives,,com.atlassian.jira.plugin.system.customfieldtypes:textarea
22462,SFDC KB Article Numbers,,com.atlassian.jira.plugin.system.customfieldtypes:float
31863,Exit Criteria,,com.atlassian.jira.plugin.system.customfieldtypes:textarea
15968,UX Owner,"",com.atlassian.jira.plugin.system.customfieldtypes:userpicker
13363,Unit Test Reason,Why was this ticket created?,com.atlassian.jira.plugin.system.customfieldtypes:select
15564,Start Date,,com.atlassian.jira.plugin.system.customfieldtypes:datepicker
25160,Backport Needed To?,Please provide the backport versions.,com.atlassian.jira.plugin.system.customfieldtypes:multiselect
17464,Overall Root Cause,,com.atlassian.jira.plugin.system.customfieldtypes:cascadingselect
41263,SFDC Customer Region,,com.atlassian.jira.plugin.system.customfieldtypes:textfield
41266,SFDC Services Assistance,,com.atlassian.jira.plugin.system.customfieldtypes:textfield
40264,ACV Unified Storage,,com.atlassian.jira.plugin.system.customfieldtypes:float
41264,SFDC Stage,,com.atlassian.jira.plugin.system.customfieldtypes:textfield
40461,Forecast Category,,com.atlassian.jira.plugin.system.customfieldtypes:select
20500,SFDC Opportunity Link,Link to Customer opportunity in SFDC,com.atlassian.jira.plugin.system.customfieldtypes:url
41262,SFDC Customer Theater,,com.atlassian.jira.plugin.system.customfieldtypes:textfield
40269,Opportunity ID,,com.atlassian.jira.plugin.system.customfieldtypes:textfield
16460,Opportunity Reference,Read-only custom field storing the ID of the related remote object for the system Salesforce - 2 Opportunity DO NOT DELETE,net.customware.plugins.connector.atlassian.jira-connector-plugin:remotesystem-id-customfield
48060,Technical Reviewers,,com.atlassian.jira.plugin.system.customfieldtypes:multiuserpicker
48061,Peer/Manager Reviewers,,com.atlassian.jira.plugin.system.customfieldtypes:multiuserpicker
41265,SFDC Products Included,,com.atlassian.jira.plugin.system.customfieldtypes:textfield
41267,SFDC Forecast Category,,com.atlassian.jira.plugin.system.customfieldtypes:textfield
40276,TCV Total,,com.atlassian.jira.plugin.system.customfieldtypes:float
42760,SFDC Opportunity Stage,This is a Single Select drop-down custom field.,com.atlassian.jira.plugin.system.customfieldtypes:select
15961,Technology Area,,com.atlassian.jira.plugin.system.customfieldtypes:multiselect
24261,Content Required?,"""None"" is a default value for NO Content required. ""Done"" means Content issue link created.",com.atlassian.jira.plugin.system.customfieldtypes:radiobuttons
32663,Opportunity Owner,,com.atlassian.jira.plugin.system.customfieldtypes:textfield
30874,TTEngage(mins),"",com.atlassian.jira.plugin.system.customfieldtypes:float
11067,Code Complete Date,All intended functionality is complete and ready for unit testing.,com.atlassian.jira.plugin.system.customfieldtypes:datepicker
11861,GUI Lead,Software lead for GUI development for this feature,com.atlassian.jira.plugin.system.customfieldtypes:userpicker
35863,Commit Gate Ready Estimation Date,,com.atlassian.jira.plugin.system.customfieldtypes:datepicker
35864,Promotion Gate Ready Estimation Date,,com.atlassian.jira.plugin.system.customfieldtypes:datepicker
37375,Next Action(s),"",com.atlassian.jira.plugin.system.customfieldtypes:textarea
44363,Who is the customer?,,com.atlassian.jira.plugin.system.customfieldtypes:textfield
44364,What Products is the customer using?,,com.atlassian.jira.plugin.system.customfieldtypes:textfield
44365,What Version is the customer on?,,com.atlassian.jira.plugin.system.customfieldtypes:textfield
44366,Do you know what CVE or STIG Scanner was used?,,com.atlassian.jira.plugin.system.customfieldtypes:textfield
44367,STIG - What Benchmarks was this run against?,,com.atlassian.jira.plugin.system.customfieldtypes:textfield
44368,STIG - What tool was used to run the checks?,,com.atlassian.jira.plugin.system.customfieldtypes:textfield
23073,Status Update,,com.atlassian.jira.plugin.system.customfieldtypes:textarea
47966,Days Escalated,,com.atlassian.jira.plugin.system.customfieldtypes:float
30873,TTRelief,"",com.atlassian.jira.plugin.system.customfieldtypes:float
25960,Logs Required?,,com.atlassian.jira.plugin.system.customfieldtypes:radiobuttons
23180,HW Specific,"",com.atlassian.jira.plugin.system.customfieldtypes:select
25460,CSEC-Environment,,com.atlassian.jira.plugin.system.customfieldtypes:select
47760,QP Build,,com.atlassian.jira.plugin.system.customfieldtypes:select
40468,Feat ID,,com.atlassian.jira.plugin.system.customfieldtypes:textarea
40470,Product Manager,,com.atlassian.jira.plugin.system.customfieldtypes:textarea
13161,Vulnerability Found,What security vulnerability was identified?,com.atlassian.jira.plugin.system.customfieldtypes:textfield
40560,Closure date,,com.atlassian.jira.plugin.system.customfieldtypes:datepicker
20360,Overall CVSSv3 Score,,com.atlassian.jira.plugin.system.customfieldtypes:float
40471,Target Release,,com.atlassian.jira.plugin.system.customfieldtypes:textarea
40473,Commit Gate Review Date,,com.atlassian.jira.plugin.system.customfieldtypes:datepicker
40490,Code Scan Complete,,com.atlassian.jira.plugin.system.customfieldtypes:select
40860,Product Name,,com.atlassian.jira.plugin.system.customfieldtypes:textarea
11165,Release Notes Description,Description of the issue that we can expose to external parties.,com.atlassian.jira.plugin.system.customfieldtypes:textarea
20168,LCM Version,HWQUAL LCM Version,com.atlassian.jira.plugin.system.customfieldtypes:multiversion
20167,Foundation Version,HWQUAL Foundation Version,com.atlassian.jira.plugin.system.customfieldtypes:multiversion
33562,STL Assistance,"",com.atlassian.jira.plugin.system.customfieldtypes:multiuserpicker
32366,QA story point,"",com.atlassian.jira.plugin.system.customfieldtypes:float
27373,RCA,,com.atlassian.jira.plugin.system.customfieldtypes:textarea
23100,Service Owner - Manager,,com.atlassian.jira.plugin.system.customfieldtypes:userpicker
13460,Commit ID,Used for Crossport Tasks: Commit ID for the commit that needs to be ported to other branches,com.atlassian.jira.plugin.system.customfieldtypes:textfield
18364,UnVerified Version,,com.atlassian.jira.plugin.system.customfieldtypes:multiversion
10560,Test Case #,Enter the test case name that was added as a result of this ticket.,com.atlassian.jira.plugin.system.customfieldtypes:textfield
20878,Support Contact Region,,com.onresolve.jira.groovy.groovyrunner:scripted-field
21061,Support Tech Lead Manager,"",com.onresolve.jira.groovy.groovyrunner:scripted-field
21062,Current Support Contact Manager,"",com.onresolve.jira.groovy.groovyrunner:scripted-field
26560,Support Tech Lead Region,,com.onresolve.jira.groovy.groovyrunner:scripted-field
19260,Reporter Region,"",com.onresolve.jira.groovy.groovyrunner:scripted-field
38460,Executive Status Update,,com.atlassian.jira.plugin.system.customfieldtypes:textarea
35163,DS Story Point,,com.atlassian.jira.plugin.system.customfieldtypes:select
43965,Account Status,,com.atlassian.jira.plugin.system.customfieldtypes:select
32560,Business Impact,,com.atlassian.jira.plugin.system.customfieldtypes:textarea
25370,T-shirt sizing,,com.atlassian.jira.plugin.system.customfieldtypes:select
30062,Link to Draft Document,,com.atlassian.jira.plugin.system.customfieldtypes:url
10008,Customer,"Internal: Dev, QA.
External: SE, SRE -- Requires SFDC Case # field to be populated.",com.atlassian.jira.plugin.system.customfieldtypes:multiselect
34060,Found in Environment,,com.atlassian.jira.plugin.system.customfieldtypes:select
14463,Link to Requirements,"",com.atlassian.jira.plugin.system.customfieldtypes:textfield
10861,Doc Contact,"",com.atlassian.jira.plugin.system.customfieldtypes:userpicker
14061,Hypervisor Specific?,"Is this issue specific to a particular hypervisor, affects others?",com.atlassian.jira.plugin.system.customfieldtypes:select
32361,Remaining Story Points,,com.atlassian.jira.plugin.system.customfieldtypes:float
26961,UAT Approvers,,com.atlassian.jira.plugin.system.customfieldtypes:multiuserpicker
37660,Current Status,,com.atlassian.jira.plugin.system.customfieldtypes:textarea
29062,Score,,com.atlassian.jira.plugin.system.customfieldtypes:float
34860,VM Size,,com.atlassian.jira.plugin.system.customfieldtypes:select
34861,VM Size Details,,com.atlassian.jira.plugin.system.customfieldtypes:textarea
20365,Target end,The targeted end date. This custom field is created and required by Portfolio for Jira.,com.atlassian.jpo:jpo-custom-field-baseline-end
28961,Cloud Substrate,,com.atlassian.jira.plugin.system.customfieldtypes:select
34862,Approving Manager,,com.atlassian.jira.plugin.system.customfieldtypes:userpicker
34863,Select Data Center,,com.atlassian.jira.plugin.system.customfieldtypes:select
34864,VM Request Subcategories,,com.atlassian.jira.plugin.system.customfieldtypes:select
34865,Request Lease Duration,,com.atlassian.jira.plugin.system.customfieldtypes:select
34867,Snow URL,,com.atlassian.jira.plugin.system.customfieldtypes:url
31362,KB Instructions,,com.atlassian.jira.plugin.system.customfieldtypes:textarea
27772,Development Type,,com.atlassian.jira.plugin.system.customfieldtypes:select
47260,Gerrit or Github fix URL,Please provide the Gerrit or GitHub fix URL.,com.atlassian.jira.plugin.system.customfieldtypes:textarea
32461,ETA,Expected delivery date,com.atlassian.jira.plugin.system.customfieldtypes:datepicker
17470,First Release Date,used for reporting,com.onresolve.jira.groovy.groovyrunner:scripted-field
41961,GitHub PR Number,,com.atlassian.jira.plugin.system.customfieldtypes:textfield
27769,DS Component,"",com.atlassian.jira.plugin.system.customfieldtypes:cascadingselect
43661,Workflow Priority,To be used alongside with Slack Workflow,com.atlassian.jira.plugin.system.customfieldtypes:select
27771,Business Name,,com.atlassian.jira.plugin.system.customfieldtypes:select
45965,Assigned Consultants,,com.atlassian.jira.plugin.system.customfieldtypes:multiuserpicker
27265,Relief Provided,,com.atlassian.jira.plugin.system.customfieldtypes:multicheckboxes
27262,Root Cause Category,"<script> 
jQuery(document).ready(function($) 
{
    JIRA.bind(JIRA.Events.NEW_CONTENT_ADDED, function (e, context)
    { 
        var field = $('#customfield_17360')
        var notReviewed = $(""#customfield_17360 option[value ='16350']"");
        var noPatentTickets = $(""#customfield_17360 option[value ='16351']"");
        var patentTicketsLinked = $(""#customfield_17360 option[value ='16352']"");
        if(field)
        {
            if(notReviewed )
            {
                notReviewed.attr({
                  ""title"" : ""This FEAT has not yet been reviewed for patentable ideas""
                });
            }
            
            if(noPatentTickets )
            {
                noPatentTickets.attr({
                  ""title"" : ""This FEAT contains no patentable ideas we decided to pursue""
                });
            }
            
            if(patentTicketsLinked )
            {
                patentTicketsLinked.attr({
                  ""title"" : ""Related PAT tickets have been linked""
                });
            }
        }
        
    });
});
</script>",com.atlassian.jira.plugin.system.customfieldtypes:select
45761,Number of Scans to review,,com.atlassian.jira.plugin.system.customfieldtypes:select
14464,Link to Design Doc,,com.atlassian.jira.plugin.system.customfieldtypes:textfield
10363,Epic Status,Epic Status field for Jira Software use only.,com.pyxis.greenhopper.jira:gh-epic-status
42162,Requirements,,com.atlassian.jira.plugin.system.customfieldtypes:textarea
45762,Failure Type,"<p>Anything that is a Devprod-* or IT issue is type: <b style='color:red;'>Infra</b></p>
<p>Anything that was fixed in nutest repo is type: <b style='color:red;'>Test</b></p>
<p>Anything that has a fix from main or github product code will be type: <b style='color:red;'>Product</b></p>
<p>Anything that is a Devprod-* or IT issue is type: <b style='color:red;'>Infra</b></p>
<p>Anything that was fixed in nutest repo is type: <b style='color:red;'>Nutest-Test</b></p>
<p>Anything that was fixed in nutest framework is type: <b style='color:red;'>Nutest-Framework</b></p>
<p>Anything that has a fix from main or github product code will be type: <b style='color:red;'>Product-Fix</b></p>
<p>Anything that was reverted after being merged in gerrit/github will be type:: <b style='color:red;'>Revert</b></p>.",com.atlassian.jira.plugin.system.customfieldtypes:select
45960,Impacted pipelines,"",com.atlassian.jira.plugin.system.customfieldtypes:multiselect
45360,Impacted branches,,com.atlassian.jira.plugin.system.customfieldtypes:labels
24460,BigBang Component,,com.atlassian.jira.plugin.system.customfieldtypes:multiselect
21862,Primary Team,"",com.atlassian.jira.plugin.system.customfieldtypes:select
26361,NCC Check,,com.atlassian.jira.plugin.system.customfieldtypes:textfield
12670,Root Cause,What is the root cause of the issue?,com.atlassian.jira.plugin.system.customfieldtypes:textarea
46167,Effort Estimate Days,An estimate of Person Days of development,com.atlassian.jira.plugin.system.customfieldtypes:float
27371,Sub-Department,"",com.atlassian.jira.plugin.system.customfieldtypes:select
13663,Planned Start,Planned start date for this issue [GANTT],com.atlassian.jira.plugin.system.customfieldtypes:datetime
13664,Planned End,Planned end date for this issue [GANTT],com.atlassian.jira.plugin.system.customfieldtypes:datetime
31962,Is this SaaS Application Security/Access request?,,com.atlassian.jira.plugin.system.customfieldtypes:select
34161,Release Type,,com.atlassian.jira.plugin.system.customfieldtypes:select
47460,DPRO Release ID,,com.atlassian.jira.plugin.system.customfieldtypes:select
43660,Slack Workflow TH,To be used by India SRE's/EE's only,com.atlassian.jira.plugin.system.customfieldtypes:select
20364,Target start,The targeted start date. This custom field is created and required by Portfolio for Jira.,com.atlassian.jpo:jpo-custom-field-baseline-start
18160,Delivery Team Owner,,com.atlassian.jira.plugin.system.customfieldtypes:userpicker
11062,Stage,"REQ – gathering requirements
Function Specs/Design Specs – working on functional/design specs
CODE – coding
UT – unit testing
CR – in code review
CKIN – checked in
TEST – in test
COMP – ready to release ",com.atlassian.jira.plugin.system.customfieldtypes:select
12669,Environment,,com.atlassian.jira.plugin.system.customfieldtypes:select
12470,Customer Theater,"",com.atlassian.jira.plugin.system.customfieldtypes:select
12664,NCC check?,Was an NCC check run?,com.atlassian.jira.plugin.system.customfieldtypes:radiobuttons
15460,Architecture Reviewer,,com.atlassian.jira.plugin.system.customfieldtypes:userpicker
12665,Logs Collected?,,com.atlassian.jira.plugin.system.customfieldtypes:radiobuttons
12666,Upgrade Related?,Did this problem occur as part of upgrade?,com.atlassian.jira.plugin.system.customfieldtypes:radiobuttons
11260,PM Owner,Feature owner from Product Management team,com.atlassian.jira.plugin.system.customfieldtypes:userpicker
14767,FEAT Mgr,Administrative Manager for FEAT Activities,com.atlassian.jira.plugin.system.customfieldtypes:userpicker
37373,RME Region,"",com.atlassian.jira.plugin.system.customfieldtypes:select
30875,TTResolve(days),"",com.atlassian.jira.plugin.system.customfieldtypes:float
27360,Project Name,Please Provide the Jira Project Name you want to create/customize or have issue,com.atlassian.jira.plugin.system.customfieldtypes:textfield
37364,Engagement status,,com.atlassian.jira.plugin.system.customfieldtypes:select
12760,RCA Done?,Has root cause analysis been completed?,com.atlassian.jira.plugin.system.customfieldtypes:radiobuttons
12763,Engagement Category,,com.atlassian.jira.plugin.system.customfieldtypes:select
12765,Onsite requested?,,com.atlassian.jira.plugin.system.customfieldtypes:select
17462,RCA Reviewed?,,com.atlassian.jira.plugin.system.customfieldtypes:radiobuttons
33472,Customer Account,,com.atlassian.jira.plugin.system.customfieldtypes:labels
37761,Primary Technology,,com.atlassian.jira.plugin.system.customfieldtypes:cascadingselect
45964,Strategic Deal?,,com.atlassian.jira.plugin.system.customfieldtypes:select
43160,Customer Theater /Region,"",com.atlassian.jira.plugin.system.customfieldtypes:cascadingselect
20163,PM Sign-Off,HWQUAL PM Sign-Off,com.atlassian.jira.plugin.system.customfieldtypes:select
24560,PRD Required?,,com.atlassian.jira.plugin.system.customfieldtypes:select
20164,Engineering Sign-Off,HWQUAL Engineering Sign Off,com.atlassian.jira.plugin.system.customfieldtypes:select
47786,First Assigned At,,com.atlassian.jira.plugin.system.customfieldtypes:datetime
21060,Salesforce KB Articles,,com.atlassian.jira.plugin.system.customfieldtypes:textarea
17463,RCA Required?,,com.atlassian.jira.plugin.system.customfieldtypes:radiobuttons
32460,Solutions Team,"",com.atlassian.jira.plugin.system.customfieldtypes:multiselect
20872,Subsystem,,com.atlassian.jira.plugin.system.customfieldtypes:select
15163,CreateNotification_Group,should be used only for selective notifications,com.atlassian.jira.plugin.system.customfieldtypes:multigrouppicker
40161,UX Divergence,"",com.atlassian.jira.plugin.system.customfieldtypes:multiselect
46163,Parent Name,,com.onresolve.jira.groovy.groovyrunner:scripted-field
43372,Total Story Points,Sum of all child issue story points,com.atlassian.jira.plugin.system.customfieldtypes:float
43373,Total Unresolved Story Points,Sum of all unresolved story points,com.atlassian.jira.plugin.system.customfieldtypes:float
48860,Total Resolved Story Points,,com.atlassian.jira.plugin.system.customfieldtypes:float
18571,SF Creation Date,"",com.onresolve.jira.groovy.groovyrunner:scripted-field
17367,Complexity,,com.atlassian.jira.plugin.system.customfieldtypes:select
25061,No.of Occurrences,,com.atlassian.jira.plugin.system.customfieldtypes:float
15263,Applicable to CE?,,com.atlassian.jira.plugin.system.customfieldtypes:select
10265,Doc It?,"Does the product documentation need to be updated with information regarding this issue?  (e.g. release notes, workarounds, additional steps, prerequisites, etc)",com.atlassian.jira.plugin.system.customfieldtypes:select
39461,Expected Impact?,"",com.atlassian.jira.plugin.system.customfieldtypes:select
39760,Scenario,,com.atlassian.jira.plugin.system.customfieldtypes:select
43861,Demo Successful,,com.atlassian.jira.plugin.system.customfieldtypes:radiobuttons
22360,Related Salesforce Cases,Read-only custom field storing the ID of the related remote object for the system Salesforce - 2 Case DO NOT DELETE,net.customware.plugins.connector.atlassian.jira-connector-plugin:remotesystem-id-customfield
12471,EE Reviewer,"",com.atlassian.jira.plugin.system.customfieldtypes:userpicker
44960,Caused By,,com.atlassian.jira.plugin.system.customfieldtypes:select
12469,Review Status,,com.atlassian.jira.plugin.system.customfieldtypes:select
12472,Root Component,Primary Component Responsible For ONCALL,com.atlassian.jira.plugin.system.customfieldtypes:select
18171,Assigned Date,"",com.onresolve.jira.groovy.groovyrunner:scripted-field
28160,Resolution Time(days),Days since issue has been resolved,com.onresolve.jira.groovy.groovyrunner:scripted-field
12473,Bug ID (Primary),"No validation here, so PLEASE use correct syntax: ENG-xxxx or FEAT-xxxx",com.atlassian.jira.plugin.system.customfieldtypes:textfield
12476,Knowledge Base,,com.atlassian.jira.plugin.system.customfieldtypes:select
12477,Knowledge Base Article ID,,com.atlassian.jira.plugin.system.customfieldtypes:textfield
12479,Field Advisory,,com.atlassian.jira.plugin.system.customfieldtypes:select
12482,Deflection Comments,Escalation engineer to provide comments/suggestions on how to avoid ONCALL in the future.,com.atlassian.jira.plugin.system.customfieldtypes:textarea
29360,Pre/Post Deployment Steps,,com.atlassian.jira.plugin.system.customfieldtypes:textarea
29460,SDCD Practice,Practice for SDCD,com.atlassian.jira.plugin.system.customfieldtypes:multiselect
44060,Deliverable Type,,com.atlassian.jira.plugin.system.customfieldtypes:cascadingselect
22466,Product,"",com.atlassian.jira.plugin.system.customfieldtypes:select
43364,Eng Team,,com.atlassian.jira.plugin.system.customfieldtypes:select
10264,Opportunity Notes,Detail on the potential opportunities driving this request,com.atlassian.jira.plugin.system.customfieldtypes:textarea
20505,API Approved,Indicate if the API is approved or if this service team does not produce any API.,com.atlassian.jira.plugin.system.customfieldtypes:select
25364,Business Case Complete,,com.atlassian.jira.plugin.system.customfieldtypes:select
41561,Is this new or a changed Feat/Component?,,com.atlassian.jira.plugin.system.customfieldtypes:select
31461,Associated Test Ticket/status,"This will fetch the ""Test"" issue type ticket linked to the current ticket",com.onresolve.jira.groovy.groovyrunner:scripted-field
41562,Are your services running in the Public Cloud?,,com.atlassian.jira.plugin.system.customfieldtypes:select
41563,Is product deployment changed in any of the following?,"",com.atlassian.jira.plugin.system.customfieldtypes:select
41564,Has the Security Review been completed?,,com.atlassian.jira.plugin.system.customfieldtypes:select
41567,Have you implemented our security scanning tools?,,com.atlassian.jira.plugin.system.customfieldtypes:select
45863,Root Cause Identified,,com.atlassian.jira.plugin.system.customfieldtypes:datetime
25665,API Definition Complete,,com.atlassian.jira.plugin.system.customfieldtypes:select
25705,API Verified,,com.atlassian.jira.plugin.system.customfieldtypes:select
25709,AOS Upgrade and PC Upgrade/Compatibility Complete,,com.atlassian.jira.plugin.system.customfieldtypes:select
25730,API Created / Updated / Coded,,com.atlassian.jira.plugin.system.customfieldtypes:select
27760,Total Linked Issues - Count,"",com.onresolve.jira.groovy.groovyrunner:scripted-field
27761,Open Linked Issues - Count,"",com.onresolve.jira.groovy.groovyrunner:scripted-field
27762,Done Linked Issues - Count,"",com.onresolve.jira.groovy.groovyrunner:scripted-field
20363,Parent Link,,com.atlassian.jpo:jpo-custom-field-parent
48062,Editorial Reviewers,,com.atlassian.jira.plugin.system.customfieldtypes:multiuserpicker
43967,Federal Support Customer,,com.atlassian.jira.plugin.system.customfieldtypes:radiobuttons
10364,Epic Colour,Epic Colour field for Jira Software use only.,com.pyxis.greenhopper.jira:gh-epic-color
43376,Epic Color,Epic Colour field for Jira Software use only.,com.pyxis.greenhopper.jira:gh-epic-color
16760,Test Case Detail (QA to fill),"",com.atlassian.jira.plugin.system.customfieldtypes:textarea
46263,DB Engine,,com.atlassian.jira.plugin.system.customfieldtypes:select
11460,Department,The top-level group,com.atlassian.jira.plugin.system.customfieldtypes:multiselect
40960,Workstream,,com.atlassian.jira.plugin.system.customfieldtypes:select
